OPS 6582 (TRANSIT 5B-5) 
1 00965U 64083D   26165.83103796  .00000074  00000+0  91789-4 0  9996
2 00965  90.0763 203.0213 0039509 285.5374 249.2805 13.57012709 43291
LES-1                   
1 01002U 65008C   26165.40602838 -.00000001  00000+0 -12038-2 0  9991
2 01002  32.1462  51.2923 0015588 260.3201  99.5535  9.88354881215914
SOLRAD 7B               
1 01291U 65016D   26165.60176291  .00000004  00000+0  41965-4 0  9995
2 01291  70.0789 241.7601 0018958 129.0545 231.2252 13.94975371116345
SECOR 4 (EGRS 4)        
1 01315U 65027B   26165.84516259 -.00000036  00000+0 -15936-3 0  9997
2 01315  90.2495  15.5251 0030355 203.6089 167.5737 12.92667772886629
TIROS 10                
1 01430U 65051A   26165.82217436  .00000129  00000+0  52204-4 0  9996
2 01430  98.5037 285.1632 0056459  86.3171 274.4472 14.41630333195579
ALOUETTE 2              
1 01804U 65098A   26165.80188329  .00000453  00000+0  15010-3 0  9991
2 01804  79.8011 278.6836 1329741 237.3695 109.2219 12.28341807678981
OV3-3                   
1 02389U 66070A   26165.83284071  .00017211  00000+0  76820-3 0  9991
2 02389  81.3246 333.0887 1012274 163.7720 199.8548 13.45311581598652
SECOR 7 (EGRS 7)        
1 02411U 66077B   26151.80828715 -.00000017  00000+0 -94661-2 0  9995
2 02411  90.3353 277.2466 0011654  75.1080 285.1061  8.59615314875976
ERS 15                  
1 02412U 66077C   26150.28389959  .00000002  00000+0  00000+0 0  9992
2 02412  90.3351 277.0217 0007312  86.0359 274.1328  8.59079282388929
ISIS 1                  
1 03669U 69009A   26165.62470296  .00000028  00000+0  21201-4 0  9993
2 03669  88.4427 144.6813 1706145 253.4035  87.3523 11.30433579359485
SECOR 13 (EGRS 13)      
1 03891U 69037B   26165.63496544 -.00000014  00000+0  50480-4 0  9993
2 03891  99.6490  37.2327 0038677 257.4852 158.7087 13.42976937801419
ATS 5                   
1 04068U 69069A   26165.76364132 -.00000296  00000+0  00000+0 0  9996
2 04068   0.2528 153.2794 0005197 125.8878  47.1414  0.99497015 46307
OPS 7613 (P/L 4)        
1 04237U 69082E   26165.87506027  .00000008  00000+0  43961-4 0  9990
2 04237  70.0143 108.8300 0018660 138.8892 283.0301 13.95996196885986
OPS 7613 (P/L 1)        
1 04256U 69082B   26165.73436419  .00000048  00000+0  69489-4 0  9990
2 04256  70.0102 330.2838 0017248  65.4988 294.7916 13.99196795890125
SHINSEI (MS-F2)         
1 05485U 71080A   26165.58317543  .00000035  00000+0  42675-4 0  9999
2 05485  32.0526 114.3960 0639537  21.8597 340.8049 12.74252209548921
PROSPERO (BLACK ARROW)  
1 05580U 71093A   26165.58597726  .00000943  00000+0  20056-3 0  9998
2 05580  82.0385 293.1124 0500308 234.5140 120.8378 14.01603228748165
OPS 7898 (P/L 2)        
1 05680U 71110C   26165.84203975 -.00000003  00000+0  49348-4 0  9992
2 05680  69.9904   7.7602 0007955 190.8198 169.2727 13.74758669347893
NOAA 2 (ITOS-D)         
1 06235U 72082A   26165.83269450 -.00000020  00000+0  16378-3 0  9992
2 06235 102.0074 184.3785 0004245 169.1646   4.0961 12.53214965454658
OSCAR 7 (AO-7)          
1 07530U 74089B   26165.77406759 -.00000032  00000+0  88439-4 0  9999
2 07530 101.9901 178.9955 0012544 134.5939  39.7265 12.53698076360213
TIROS N                 
1 11060U 78096A   26165.81183240  .00000107  00000+0  70648-4 0  9991
2 11060  98.4531 186.9726 0009217 246.6195 113.4013 14.19374555678414
PHASE 3B (AO-10)        
1 14129U 83058B   26165.45605944  .00000123  00000+0  00000+0 0  9992
2 14129  25.9101 220.0173 6011772 114.9164 317.3873  2.05868899295432
HILAT                   
1 14154U 83063A   26165.75708485  .00000327  00000+0  10085-3 0  9997
2 14154  82.0233 163.2857 0037984 299.1812 234.1433 14.38710125247230
UOSAT 2 (UO-11)         
1 14781U 84021B   26165.87216319  .00001088  00000+0  11636-3 0  9999
2 14781  97.8056 131.4727 0007417 180.3087 179.8127 14.90778203256783
NOAA 9                  
1 15427U 84123A   26165.82461413  .00000077  00000+0  61470-4 0  9991
2 15427  99.0989 192.4077 0014582   1.0384 171.7790 14.17067659143085
GEOSAT                  
1 15595U 85021A   26165.64827632  .00000087  00000+0  70907-4 0  9990
2 15595 108.0429  76.1647 0001328 287.1672  72.9324 14.39965192162408
EUTELSAT 1-F4 (ECS 4)   
1 18351U 87078B   26165.82430888 -.00000229  00000+0  00000+0 0  9991
2 18351  13.8302 342.1440 0011027  44.3128 138.1393  0.98690539126734
PACSAT (AO-16)          
1 20439U 90005D   26165.89383516  .00000112  00000+0  56795-4 0  9994
2 20439  98.8522 201.5195 0009648 234.9468 304.3867 14.33936028901606
LUSAT (LO-19)           
1 20442U 90005G   26165.53075125  .00000104  00000+0  53972-4 0  9998
2 20442  98.8851 187.2631 0010968 209.2439 150.8132 14.34122471902015
IRS-1B                  
1 21688U 91061A   26165.77919553  .00000194  00000+0  16983-3 0  9991
2 21688  99.4112 173.6653 0024767  12.3095 160.4464 13.97876587668152
COSMOS 2197             
1 22034U 92042A   26165.62940735  .00000030  00000+0  10859-3 0  9992
2 22034  82.5940 230.5679 0011363 280.2832 196.3782 12.64251990564967
PEGASUS R/B             
1 22491U 93009C   26165.52163444  .00000856  00000+0  13762-3 0  9998
2 22491  24.9770 106.7900 0044192  78.4170 282.1298 14.57967746769245
EYESAT A (AO-27)        
1 22825U 93061C   26165.76231133  .00000084  00000+0  48802-4 0  9991
2 22825  98.6881 233.1767 0009518 105.9918 254.2314 14.30941647706650
ITAMSAT (IO-26)         
1 22826U 93061D   26165.46283505  .00000084  00000+0  48466-4 0  9995
2 22826  98.6828 232.7945 0010097  92.1193 268.1146 14.31368412706922
RADIO ROSTO (RS15)      
1 23439U 94085A   26165.81006473 -.00000050  00000+0 -21367-3 0  9994
2 23439  64.8180 307.0607 0155878   4.3159 355.9069 11.27583512295636
JAS-2 (FO-29)           
1 24278U 96046B   26165.79734203  .00000017  00000+0  49334-4 0  9997
2 24278  98.5241  14.9969 0350875 102.6170 261.4438 13.53274198472843
FORTE                   
1 24920U 97047A   26165.85325116  .00000123  00000+0  72790-4 0  9999
2 24920  69.9540  19.2933 0024615 280.2260  79.6087 14.27944309498356
NOAA 15                 
1 25338U 98030A   26165.87213606  .00000120  00000+0  66521-4 0  9990
2 25338  98.5066 186.5673 0010175   1.4932 358.6278 14.27146089460962
TECHSAT 1B (GO-32)      
1 25397U 98043D   26165.74637066  .00000039  00000+0  36985-4 0  9995
2 25397  99.0067 158.4434 0000920 168.4150 191.7050 14.24427952450983
ISS (ZARYA)             
1 25544U 98067A   26165.80282117  .00008449  00000+0  16005-3 0  9998
2 25544  51.6336 311.8940 0004856 186.3522 173.7405 15.49231655571384
ORSTED                  
1 25635U 99008B   26165.63084947  .00000357  00000+0  86514-4 0  9990
2 25635  96.4827  73.7268 0131444 194.1499 165.6006 14.51805691441593
LANDSAT 7               
1 25682U 99020A   26165.86214214  .00000362  00000+0  77622-4 0  9999
2 25682  97.8579 169.6042 0001829  91.6782  26.5749 14.63915116445509
ORBCOMM FM36            
1 25984U 99065E   26165.67906552  .00000681  00000+0  26333-3 0  9991
2 25984  45.0372 171.4934 0005260 303.0961  56.9383 14.39192488386623
DMSP 5D-3 F15 (USA 147) 
1 25991U 99067A   26165.84636479  .00000126  00000+0  84737-4 0  9995
2 25991  98.9962 204.3718 0010163  15.5388 160.0679 14.17564198370316
OPAL (OO-38)            
1 26063U 00004C   26165.39412048  .00000118  00000+0  58308-4 0  9999
2 26063 100.1913 101.7016 0036363  43.7731 316.6323 14.37963656382889
IMAGE                   
1 26113U 00017A   26162.34581823  .00000011  00000+0  22926-1 0  9995
2 26113  94.2241 315.2958 7436383 288.4674   8.8959  1.68665984161407
CLUSTER II-FM7 (SAMBA)  
1 26410U 00041A   26168.13893489  .00013374  00000+0  00000+0 0  9992
2 26410 149.9162  50.9861 9054057 268.1289 359.6411  0.44866443 20305
CLUSTER II-FM8 (TANGO)  
1 26464U 00045B   26163.93659067  .00006610  00000+0  00000+0 0  9995
2 26464 150.1459  51.3061 9053813 268.2487   3.0095  0.44416667 20299
MEGSAT-1                
1 26546U 00057B   26165.48723873  .00002766  00000+0  20055-3 0  9992
2 26546  64.5505  77.7648 0042136 284.0438  75.5996 15.05483655397253
PHASE 3D (AO-40)        
1 26609U 00072B   26165.17807056 -.00000057  00000+0  00000+0 0  9997
2 26609   9.4319 351.4070 7931017 177.5301 193.1997  1.25588278117478
ODIN                    
1 26702U 01007A   26165.61721265  .00155164  00000+0  10291-2 0  9991
2 26702  97.3841 206.3960 0006744 145.8627 214.3072 15.75011421388994
OMNI-M1                 
1 26857U 01026A   26165.17069898  .00000005  00000+0  00000+0 0  9998
2 26857  44.8314 245.9594 0014163  52.8796 307.3086  3.92401509205450
PCSAT (NO-44)           
1 26931U 01043C   26165.64488043  .00000096  00000+0  66722-4 0  9997
2 26931  67.0507 250.8474 0006070 264.5795  95.4615 14.31955289290085
PROBA-1                 
1 26958U 01049B   26165.87985233  .00001217  00000+0  81995-4 0  9995
2 26958  97.9598 174.3313 0056303 129.5131 231.1093 15.07486788343272
SPOT 5                  
1 27421U 02021A   26165.83268992  .00000234  00000+0  59577-4 0  9993
2 27421  97.9848 204.8000 0128221 283.9292  74.7673 14.54749567262509
FENGYUN 1D              
1 27431U 02024B   26165.66497546 -.00000019  00000+0  14769-4 0  9993
2 27431  98.9520 216.0069 0014409 248.5537 111.4096 14.10224183239123
SAUDISAT 1C (SO-50)     
1 27607U 02058C   26165.32313440  .00000923  00000+0  12619-3 0  9992
2 27607  64.5509 137.8468 0075333 263.0043  96.2490 14.83041320264030
CORIOLIS                
1 27640U 03001A   26165.87183372  .00000078  00000+0  57447-4 0  9997
2 27640  98.7125 172.7919 0013249 215.8097 144.2192 14.19944215213896
CUTE-1 (CO-55)          
1 27844U 03031E   26165.57849404  .00000250  00000+0  12698-3 0  9998
2 27844  98.6736 174.1701 0009356 185.5498 174.5579 14.24334256191306
CUBESAT XI-IV (CO-57)   
1 27848U 03031J   26165.77649317  .00000203  00000+0  10839-3 0  9998
2 27848  98.6767 174.0803 0008869 204.4357 155.6402 14.23619629191033
MOZHAETS 4 (RS22)       
1 27939U 03042A   26165.84735670  .00001356  00000+0  21705-3 0  9991
2 27939  98.3465 350.1404 0009949 278.2594 206.6264 14.73465637215204
IRS-P6 (RESOURCESAT-1)  
1 28051U 03046A   26165.88104456  .00000053  00000+0  31660-4 0  9992
2 28051  98.1909 202.5073 0063980 350.4297 182.8687 14.36161274180193
SAUDISAT 2              
1 28371U 04025F   26165.55614666  .00000226  00000+0  61487-4 0  9990
2 28371  98.5508 165.4700 0023690 306.7156  53.1865 14.56682577165369
COSMOS 2407             
1 28380U 04028A   26165.81201433  .00000052  00000+0  37582-4 0  9992
2 28380  82.9608  76.5932 0037815 258.8511 160.5956 13.76334585 99557
COSMOS 2414             
1 28521U 05002A   26165.79732174  .00000067  00000+0  43510-4 0  9994
2 28521  82.9501  45.4546 0039635 338.2218  21.7258 13.87926403 83487
INMARSAT 4-F1           
1 28628U 05009A   26165.79527542  .00000034  00000+0  00000+0 0  9996
2 28628   5.1647  42.7552 0002458  42.6985 282.0547  1.00271327 77644
HAMSAT (VO-52)          
1 28650U 05017B   26165.80303368  .00004988  00000+0  31229-3 0  9993
2 28650  97.9902 188.7718 0020270  48.6011 311.6955 15.09712836146407
NOAA 18                 
1 28654U 05018A   26165.85726343  .00000050  00000+0  49610-4 0  9995
2 28654  98.8114 245.5680 0014786 153.8921 206.3000 14.13728808 85986
SJ-7                    
1 28737U 05024A   26165.65732194  .00007189  00000+0  32150-3 0  9993
2 28737  97.7281 195.6927 0016608  46.2946 313.9662 15.21509352147649
CUBESAT XI-V            
1 28895U 05043F   26165.68474505  .00001249  00000+0  20428-3 0  9997
2 28895  98.2983 321.2541 0013480 208.9550 151.0910 14.72625493101389
CLOUDSAT                
1 29107U 06016A   26165.79327652  .00000928  00000+0  11203-3 0  9991
2 29107  98.3928 202.9512 0004903 355.2208   4.8958 14.86389672 74157
CALIPSO                 
1 29108U 06016B   26165.84559453  .00000899  00000+0  16104-3 0  9996
2 29108  98.4469 181.4295 0000957  83.7092 276.4221 14.69346115 72713
HINODE (SOLAR-B)        
1 29479U 06041A   26165.80075531  .00000594  00000+0  11048-3 0  9995
2 29479  98.0549 181.9885 0016085 298.0113  61.9464 14.68620107 54523
METOP-A                 
1 29499U 06044A   26165.82774288  .00001957  00000+0  22863-3 0  9998
2 29499  98.3334 272.4546 0175117  77.0680  20.1595 14.75970368 25105
SHIJIAN-6 02B (SJ-6 02B)
1 29506U 06046B   26165.88039198  .00001166  00000+0  94961-4 0  9990
2 29506  97.7160 194.9530 0015251  67.1981 293.0853 15.01371778 70390
DMSP 5D-3 F17 (USA 191) 
1 29522U 06050A   26165.83622315  .00000037  00000+0  41364-4 0  9992
2 29522  98.7378 172.4544 0011221  65.5492 294.6850 14.14992845 12092
LAPAN-TUBSAT            
1 29709U 07001A   26165.89751631  .00001069  00000+0  12897-3 0  9990
2 29709  98.1336 165.0693 0011689 186.6624 173.4436 14.85950768 50812
HAIYANG-1B              
1 31113U 07010A   26165.83743970  .00000069  00000+0  42111-4 0  9995
2 31113  98.3494 147.7737 0012866 203.5799 156.4796 14.31026337   303
BEIDOU-2 M1             
1 31115U 07011A   26164.43271147  .00000056  00000+0  00000+0 0  9997
2 31115  50.9318 219.4033 0001774 331.1151  28.9724  1.77349387 76087
CAPE-1                  
1 31130U 07012P   26165.84787764  .00001320  00000+0  24406-3 0  9993
2 31130  98.4460 140.2797 0084867  78.6627 282.4095 14.64868608 18011
CBERS 2B                
1 32062U 07042A   26165.88334366  .00000207  00000+0  76630-4 0  9991
2 32062  98.3923 110.5728 0030733 344.0884  84.0419 14.41475060984357
COSMO-SKYMED 2          
1 32376U 07059A   26165.79817679  .00000346  00000+0  49987-4 0  9999
2 32376  97.8885 349.4308 0001384  86.6381 273.4991 14.82153280  1658
CARTOSAT-2A             
1 32783U 08021A   26165.88192499  .00000487  00000+0  72244-4 0  9995
2 32783  97.7640 214.6690 0013086 115.5611 244.6956 14.79234722978465
CUTE-1.7+APD II (CO-65) 
1 32785U 08021C   26165.86229626  .00004321  00000+0  27403-3 0  9995
2 32785  97.8270 147.2324 0010068  46.4137 313.7926 15.09433867984843
SEEDS II (CO-66)        
1 32791U 08021J   26165.72000341  .00016933  00000+0  53861-3 0  9997
2 32791  97.7509 163.4997 0001425  12.3890 347.7385 15.32677924986911
YUBILEINY (RS30)        
1 32953U 08025A   26165.84507743 -.00000006  00000+0 -11571-3 0  9990
2 32953  82.5042 356.8980 0018945 319.1714  40.7946 12.43179134819404
FENGYUN 3A              
1 32958U 08026A   26165.86233873  .00000055  00000+0  46421-4 0  9993
2 32958  98.6883 106.7389 0009499 129.7141 230.4874 14.19570688935072
HUANJING 1A (HJ-1A)     
1 33320U 08041A   26165.87378041  .00001180  00000+0  14747-3 0  9997
2 33320  97.6675 151.8013 0019798 141.8405 218.4216 14.83983014958062
HUANJING 1B (HJ-1B)     
1 33321U 08041B   26165.84180505  .00000399  00000+0  54557-4 0  9996
2 33321  97.6511 154.9490 0035821 188.7611 171.2982 14.83311564958060
SHIJIAN-6 03A (SJ-6 03A)
1 33408U 08053A   26165.87232318  .00004980  00000+0  25423-3 0  9997
2 33408  97.8412 199.1118 0011940  28.6622 331.5264 15.17147872962613
SHIJIAN-6 03B (SJ-6 03B)
1 33409U 08053B   26165.83824074  .00001164  00000+0  87899-4 0  9997
2 33409  97.8578 185.6908 0021094  52.6865 307.6278 15.04303962962395
CHUANGXIN 1-02 (CX-1-02)
1 33434U 08056B   26165.84883562 -.00000145  00000+0 -39114-4 0  9993
2 33434  98.6135 192.1387 0014886 143.0350 217.1861 14.30151840918286
STARS (KUKAI)           
1 33498U 09002G   26165.81070243  .00004059  00000+0  36963-3 0  9990
2 33498  98.1555 113.0224 0008675 165.3712 194.7761 14.95739964938121
KKS-1 (KISEKI)          
1 33499U 09002H   26165.82781213  .00001221  00000+0  15658-3 0  9994
2 33499  98.1191  88.2326 0006650 305.0292  55.0296 14.83118775935847
NOAA 19                 
1 33591U 09005A   26165.85574757  .00000035  00000+0  42495-4 0  9998
2 33591  98.9520 236.7288 0014393  40.7755 319.4491 14.13474008894150
UK-DMC 2                
1 35683U 09041C   26165.85314704  .00000530  00000+0  84062-4 0  9992
2 35683  97.8829 300.8764 0001202  76.6538 283.4806 14.76023151906228
METEOR-M 1              
1 35865U 09049A   26165.82565620  .00000055  00000+0  43948-4 0  9994
2 35865  98.7384 128.3162 0001723 346.7345  13.3787 14.23156387868917
OCEANSAT-2              
1 35931U 09051A   26165.84051519 -.00000090  00000+0 -35582-4 0  9996
2 35931  98.2324 152.9260 0015024 243.0930 116.8702 13.99664705879008
SWISSCUBE               
1 35932U 09051B   26165.63721316  .00000885  00000+0  18441-3 0  9997
2 35932  98.4039  73.4810 0005810 212.0978 147.9870 14.62477414888788
BEESAT-1                
1 35933U 09051C   26165.64532213  .00000731  00000+0  15655-3 0  9999
2 35933  98.3967  73.1301 0004093 226.7801 133.3058 14.61716870888811
ITUPSAT1                
1 35935U 09051E   26165.22290826  .00000683  00000+0  15098-3 0  9993
2 35935  98.4052  71.8963 0006164 244.9503 115.1057 14.60436749888304
DMSP 5D-3 F18 (USA 210) 
1 35951U 09057A   26165.87816221  .00000190  00000+0  12174-3 0  9996
2 35951  98.9037 146.6523 0009864 256.8614 103.1458 14.14895515859262
PROBA-2                 
1 36037U 09059B   26165.76455274  .00000162  00000+0  48291-4 0  9998
2 36037  98.2449 349.1509 0012014 290.4179  69.5728 14.54861503881177
YAOGAN-7                
1 36110U 09069A   26165.65160639  .00000441  00000+0  68160-4 0  9994
2 36110  98.0076  51.5343 0025695  49.5498 310.7947 14.78007628889256
XIWANG-1 (HOPE-1)       
1 36122U 09072B   26165.73590998 -.00000216  00000+0 -44809-3 0  9990
2 36122 100.4022 119.6069 0006864 237.4832 122.5618 13.16438949792685
RADUGA-1M 2             
1 36358U 10002A   26165.75209036 -.00000220  00000+0  00000+0 0  9993
2 36358   3.6147  78.8874 0005718 264.7190 150.3981  0.98967919 50000
COSMOS 2463             
1 36519U 10017A   26165.64733425  .00000049  00000+0  36564-4 0  9997
2 36519  82.9606 251.5717 0037234 135.6989 336.3184 13.71665509807584
CARTOSAT-2B             
1 36795U 10035A   26165.83590024  .00000788  00000+0  11466-3 0  9993
2 36795  97.9958 216.4006 0010984 191.4770 168.6192 14.78658916859504
AISSAT 1                
1 36797U 10035C   26165.67080338  .00002931  00000+0  25754-3 0  9996
2 36797  98.0931  64.8261 0010750  70.3717 289.8663 14.97354779863846
TISAT 1                 
1 36799U 10035E   26165.83056131  .00018450  00000+0  60608-3 0  9990
2 36799  98.0712 112.1707 0001083 170.7818 189.3442 15.31631796867347
YAOGAN-10               
1 36834U 10038A   26165.87032700  .00001195  00000+0  14524-3 0  9997
2 36834  97.8976 189.2928 0001712  86.7368  36.8513 14.85342829856865
SHIJIAN-6 04B (SJ-6 04B)
1 37180U 10051B   26165.88732839  .00001145  00000+0  98781-4 0  9991
2 37180  97.8679 171.2735 0008255 322.0492  38.0148 14.99309184855331
FENGYUN 3B              
1 37214U 10059A   26165.91195692  .00000283  00000+0  16979-3 0  9991
2 37214  98.9625 211.9165 0021783 190.6153 294.7227 14.14842117807101
COSMO-SKYMED 4          
1 37216U 10060A   26165.81084020  .00001038  00000+0  13699-3 0  9991
2 37216  97.8882 349.4454 0001448  84.1143 276.0235 14.82154130844217
O/OREOS (USA 219)       
1 37224U 10062C   26165.85220985  .00002191  00000+0  21245-3 0  9995
2 37224  71.9714  85.6284 0012489  68.1773 292.0725 14.93736137116298
ELEKTRO-L 1 (GOMS 2)    
1 37344U 11001A   26165.58717398 -.00000047  00000+0  00000+0 0  9992
2 37344   9.6800  54.5318 0004017  30.7243 278.5822  1.00155650 56450
RESOURCESAT-2           
1 37387U 11015A   26165.83676426  .00000063  00000+0  49127-4 0  9993
2 37387  98.7644 233.2947 0010161 263.0500  96.9521 14.21605926785843
YOUTHSAT                
1 37388U 11015B   26165.84019455  .00000141  00000+0  76789-4 0  9999
2 37388  98.3682 140.0001 0014375 354.0366  66.7293 14.25629400787301
APRIZESAT 6             
1 37793U 11044F   26165.58343832  .00000674  00000+0  10220-3 0  9999
2 37793  98.2367  76.0299 0044486  94.1121  26.1938 14.76912301796761
JUGNU                   
1 37839U 11058B   26165.75030949  .00000400  00000+0  69403-4 0  9991
2 37839  19.9619 323.2340 0018612  49.4595 345.2293 14.13776119758680
SRMSAT                  
1 37841U 11058D   26165.48601053  .00000355  00000+0  48806-4 0  9997
2 37841  19.9719  75.8168 0011843 173.9008   0.9019 14.11575039757432
SUOMI NPP               
1 37849U 11061A   26165.87353084  .00000049  00000+0  44150-4 0  9998
2 37849  98.7954 106.7654 0001665  12.4011 347.7206 14.19516894758110
YAOGAN-12               
1 37875U 11066B   26165.84048126  .00005243  00000+0  20288-3 0  9993
2 37875  97.1146 204.5185 0008508 226.3465 133.7069 15.26576494811686
BEIDOU-2 M4             
1 38251U 12018B   26164.36225567 -.00000070  00000+0  00000+0 0  9992
2 38251  55.6617 304.2191 0011287 276.0779  83.7740  1.86229521 95872
ARIRANG-3 (KOMPSAT-3)   
1 38338U 12025B   26165.84292991  .00000368  00000+0  82332-4 0  9997
2 38338  98.1176 123.3433 0006596 115.2863 244.9023 14.62204324751005
HORYU-2                 
1 38340U 12025D   26165.35362418  .00002754  00000+0  28425-3 0  9991
2 38340  98.2172 298.1740 0008088 183.2559 176.8607 14.91052408748308
CSSWE                   
1 38761U 12048D   26165.24874082  .00025674  00000+0  53436-3 0  9992
2 38761  64.6625 103.4448 0047513 174.6517 185.5138 15.44337250115946
CP5                     
1 38763U 12048F   26165.44902689  .00009587  00000+0  32894-3 0  9991
2 38763  64.6425 161.6364 0078999 177.1595 183.0000 15.27701925116346
METOP-B                 
1 38771U 12049A   26165.86671096  .00000092  00000+0  61968-4 0  9999
2 38771  98.6505 217.4121 0002374  25.3968 334.7325 14.21432096712939
SJ-9A                   
1 38860U 12056A   26165.87421777  .00000826  00000+0  10138-3 0  9993
2 38860  97.6708 137.9093 0023951 264.8016  95.0466 14.85474603699245
COSMOS 2484 (RODNIK-S 6)
1 39059U 13001C   26165.89225868  .00000052  00000+0  29981-3 0  9997
2 39059  82.5023 223.3192 0026959  41.5346 318.7775 12.42938992608274
SARAL                   
1 39086U 13009A   26165.80633016  .00000084  00000+0  46991-4 0  9990
2 39086  98.5556 352.4037 0000824 324.2788  35.8340 14.32855419695261
AAUSAT 3                
1 39087U 13009B   26165.74857384  .00000551  00000+0  18860-3 0  9992
2 39087  98.3700 349.5981 0010623 214.2174 145.8331 14.39936808696825
STRAND-1                
1 39090U 13009E   26165.75848832  .00000234  00000+0  92916-4 0  9998
2 39090  98.3921 346.0527 0007612 233.5298 126.5188 14.37162022696718
BRITE-AUSTRIA           
1 39091U 13009F   26165.77031523  .00000147  00000+0  64593-4 0  9995
2 39091  98.3993 345.2659 0009062 244.6230 115.4018 14.36541228696701
UNIBRITE                
1 39092U 13009G   26165.50372991  .00000147  00000+0  64848-4 0  9997
2 39092  98.4031 345.1162 0008011 241.2389 118.7994 14.36412370696608
AIST-2 (RS43)           
1 39133U 13015D   26165.89787363  .00005267  00000+0  20928-3 0  9993
2 39133  64.8695 264.8175 0018682 247.2624 112.6532 15.26283362723554
GAOFEN-1                
1 39150U 13018A   26165.82668884  .00000612  00000+0  94915-4 0  9991
2 39150  97.9101 237.9423 0015717 274.9064  85.0351 14.76534267707898
NEE-01 PEGASO           
1 39151U 13018B   26165.31799982  .00002150  00000+0  20906-3 0  9997
2 39151  98.1215 309.3736 0012835 168.5620 191.5892 14.93647786710272
TURKSAT-3USAT           
1 39152U 13018C   26165.20592857  .00004116  00000+0  36762-3 0  9999
2 39152  97.7938 256.0429 0013690 108.8647 251.4060 14.96414631710641
CUBEBUG-1 (CAPITAN BETO)
1 39153U 13018D   26165.69554859  .00002726  00000+0  24041-3 0  9995
2 39153  98.1654 325.5257 0011914 153.1078 207.0762 14.97284763710694
PROBA-V                 
1 39159U 13021A   26165.87004291  .00000055  00000+0  42162-4 0  9993
2 39159  98.3582 144.5910 0005048 128.8646 231.2984 14.23596550680788
ESTCUBE 1               
1 39161U 13021C   26165.62798333  .00001407  00000+0  18630-3 0  9990
2 39161  97.7294 219.9031 0008835  33.3265 326.8503 14.81393727704644
ARIRANG-5 (KOMPSAT-5)   
1 39227U 13042A   26165.83827188  .00001588  00000+0  11780-3 0  9999
2 39227  97.6206 352.5724 0005224 125.7932 234.3780 15.04486820703505
GONETS-M 5              
1 39249U 13048A   26165.86100120  .00000054  00000+0  31918-3 0  9994
2 39249  82.4826 344.8332 0015976 215.7431 144.2581 12.42891959578596
GONETS-M 7              
1 39251U 13048C   26165.82400145  .00000021  00000+0  80946-4 0  9993
2 39251  82.4894 347.7775 0016770 217.1860 142.8059 12.42914680578548
FENGYUN 3C              
1 39260U 13052A   26165.85293596  .00000040  00000+0  41533-4 0  9991
2 39260  98.4986 139.8349 0015361  34.0797 326.1361 14.15754525658234
CASSIOPE                
1 39265U 13055A   26165.80011307  .00048636 -43950-6  53252-3 0  9994
2 39265  80.9158  69.6205 0293505  70.4578 292.8096 15.24985497667303
APRIZESAT 7             
1 39416U 13066A   26165.87305228  .00001042  00000+0  10854-3 0  9991
2 39416  97.7709 119.1262 0034816 217.0937 142.7875 14.91559558680883
ZACUBE-1 (TSHEPISOSAT)  
1 39417U 13066B   26165.87437169  .00003043  00000+0  23821-3 0  9993
2 39417  97.8082 128.1989 0040555 255.7750 103.8967 15.01177435680381
APRIZESAT 8             
1 39425U 13066K   26165.85456579  .00000866  00000+0  99745-4 0  9995
2 39425  97.8221 113.3550 0044500 294.5060  65.1520 14.87648919679324
CINEMA-3 (KHUSAT-2)     
1 39426U 13066L   26164.69066661  .00000988  00000+0  13461-3 0  9991
2 39426  97.8406  76.9769 0088798 222.9684 136.4569 14.78292262673932
TRITON-1                
1 39427U 13066M   26165.79695399  .00002166  00000+0  26396-3 0  9991
2 39427  97.8257  75.6585 0088390 241.8165 117.4099 14.81701071673733
DELFI-N3XT              
1 39428U 13066N   26165.83543211  .00004540  00000+0  39834-3 0  9991
2 39428  97.8342  86.1495 0073532 213.6544 145.9996 14.95059905674275
GOMX-1                  
1 39430U 13066Q   26165.80269187  .00002648  00000+0  39989-3 0  9996
2 39430  97.6481   6.4166 0130187  85.1182 276.4875 14.69455312669565
BRITE-PL1 (LEM)         
1 39431U 13066R   26165.77988764  .00000322  00000+0  73656-4 0  9999
2 39431  97.7961 278.2873 0190308  19.1426 341.6796 14.51368483663589
ICUBE-1                 
1 39432U 13066S   26165.70080394  .00013046  00000+0  51139-3 0  9993
2 39432  97.5684 151.3368 0015380 347.5991  12.4866 15.25791785684032
VELOX-PII               
1 39438U 13066Y   26165.68937066  .00003472  00000+0  33008-3 0  9990
2 39438  97.8745 117.0504 0052590 353.2869   6.7640 14.93100152677463
CUBEBUG-2 (LO-74)       
1 39440U 13066AA  26165.85263433  .00004175  00000+0  38675-3 0  9998
2 39440  97.8904 114.8208 0058552  36.5594 323.9600 14.93744304676641
NEE-02 KRYSAOR          
1 39441U 13066AB  26165.78611106  .00002294  00000+0  25439-3 0  9999
2 39441  97.8892 105.0179 0067684  77.8903 282.9886 14.86609034675848
FUNCUBE-1 (AO-73)       
1 39444U 13066AE  26165.86898016  .00006690  00000+0  41591-3 0  9999
2 39444  97.8271 137.2664 0035429 209.1760 150.7489 15.09465367679313
HINCUBE                 
1 39445U 13066AF  26165.83049808  .00005278  00000+0  34108-3 0  9991
2 39445  97.7966 134.3177 0031879 215.8285 144.0805 15.08257133679173
UWE-3                   
1 39446U 13066AG  26165.80939091  .00004072  00000+0  35106-3 0  9991
2 39446  97.8691 121.8670 0047958 329.0544  30.7853 14.97007905677225
SMDC ONE 2.4            
1 39469U 13072H   26165.23840066  .00009724  00000+0  37357-3 0  9992
2 39469 120.4930 340.6994 0144890  15.8830 344.6725 15.18132190117380
CP8 (IPEX)              
1 39471U 13072K   26165.32151325  .00005342  00000+0  27037-3 0  9994
2 39471 120.4657 287.5591 0164282 359.3758   0.7090 15.08065702114805
COSMOS 2488 (RODNIK-S 7)
1 39483U 13076A   26165.86443490  .00000040  00000+0  21479-3 0  9991
2 39483  82.4825 170.1419 0020830 100.0667 260.2764 12.42905957565607
COSMOS 2489 (RODNIK-S 8)
1 39484U 13076B   26165.83958638  .00000079  00000+0  50070-3 0  9995
2 39484  82.4862 171.5353 0022665 100.1126 260.2512 12.42879856565654
COSMOS 2490 (RODNIK-S 9)
1 39485U 13076C   26165.81147223  .00000106  00000+0  69243-3 0  9997
2 39485  82.4808 169.6214 0022696 115.0616 245.2823 12.42878561565584
AIST-1 (RS41)           
1 39492U 13078C   26165.81905895  .00001063  00000+0  92160-4 0  9992
2 39492  82.4160 273.1680 0015279 287.3511  72.6040 14.96064763674897
KAZEOSAT 1              
1 39731U 14024A   26165.87077015  .00000150  00000+0  58773-4 0  9998
2 39731  98.3212 238.3753 0001390  73.0818 287.0524 14.42079090638226
COSMOS 2496 (RODNIK-S *)
1 39761U 14028A   26165.84949910 -.00000027  00000+0 -26556-3 0  9992
2 39761  82.4446 110.1950 0021322  83.6668 276.6839 12.42878454547226
COSMOS 2497 (RODNIK-S *)
1 39762U 14028B   26165.82480973  .00000055  00000+0  32631-3 0  9990
2 39762  82.4493 111.8993 0021892  78.9901 281.3640 12.42894396547229
COSMOS 2498 (RODNIK-S *)
1 39763U 14028C   26165.88306582  .00000029  00000+0  13654-3 0  9995
2 39763  82.4453 110.3509 0022612  78.4733 281.8884 12.42980284547263
COSMOS 2499 (RS47)      
1 39765U 14028E   26165.86129998  .00000025  00000+0  54262-4 0  9996
2 39765  82.4495 253.9977 0231475   7.3983 353.0439 12.82902529564729
HODOYOSHI-4             
1 40011U 14033B   26165.81514601  .00002079  00000+0  23050-3 0  9993
2 40011  97.5449 350.7528 0022588 316.8435  43.1011 14.88127653648453
UNISAT-6                
1 40012U 14033C   26165.37667054  .00002974  00000+0  32186-3 0  9990
2 40012  97.7871 318.1381 0046325  78.3311 282.3100 14.88233320645742
DEIMOS-2                
1 40013U 14033D   26165.90554201  .00001028  00000+0  10230-3 0  9994
2 40013  97.5838  40.4753 0001628  47.9998 312.1361 14.93719162637383
BUGSAT-1 (TITA)         
1 40014U 14033E   26165.85746755  .00006507  00000+0  34362-3 0  9995
2 40014  98.0433 258.2694 0027796 186.4519 173.6358 15.15565990655486
SAUDISAT 4              
1 40016U 14033G   26165.41367102  .00000620  00000+0  88182-4 0  9994
2 40016  97.7579 311.6443 0046219  82.7448 277.9015 14.79541441645662
APRIZESAT 9             
1 40018U 14033J   26165.83199984  .00000605  00000+0  96279-4 0  9992
2 40018  97.9058 299.0882 0065511 206.7978 152.9841 14.74211671643218
BRITE-CA1 (TORONTO)     
1 40020U 14033L   26165.86355865  .00000624  00000+0  10163-3 0  9998
2 40020  97.9736 294.8343 0077259 284.5903  74.6746 14.72673826641879
DUCHIFAT-1              
1 40021U 14033M   26165.65491135  .00096402  00000+0  10079-2 0  9991
2 40021  98.0472 224.4598 0003201 116.2617 243.8969 15.64143507655354
NANOSATC-BR1            
1 40024U 14033Q   26165.59181314  .00015703  00000+0  52030-3 0  9991
2 40024  98.0719 197.7493 0004180 169.8700 190.2624 15.31384788653589
QB50P1                  
1 40025U 14033R   26165.77742709  .00008055  00000+0  39690-3 0  9992
2 40025  98.0959 176.7542 0007630 224.7653 135.2964 15.18228731652663
DTUSAT-2                
1 40030U 14033W   26165.72809294  .00006455  00000+0  34956-3 0  9998
2 40030  98.0857 163.2989 0006430 235.1790 124.8836 15.14991239652317
QB50P2                  
1 40032U 14033Y   26165.72259912  .00006341  00000+0  34202-3 0  9994
2 40032  98.0744 162.4494 0007780 170.9203 189.2170 15.15131404652294
PERSEUS-M1              
1 40039U 14033AF  26165.82836625  .00001126  00000+0  10678-3 0  9991
2 40039  97.9643 109.9216 0010484 310.4650  49.5656 14.95625064650288
POLYITAN-1              
1 40042U 14033AJ  26165.63752049  .00017004  00000+0  53209-3 0  9990
2 40042  98.0937 191.6573 0008450 148.4935 211.6813 15.33177301653200
TIGRISAT                
1 40043U 14033AK  26165.69039166  .00002095  00000+0  24542-3 0  9997
2 40043  97.7825 315.7591 0050667  83.2052 277.4924 14.85154280645251
AISAT                   
1 40054U 14034B   26165.51080756  .00010176  00000+0  65115-3 0  9992
2 40054  98.2397  77.7228 0007986 224.0589 136.0002 15.08783064646804
CANX-4                  
1 40055U 14034C   26165.72007418  .00000836  00000+0  11454-3 0  9999
2 40055  98.3125  40.9425 0013334  24.7047 335.4800 14.81260689644165
CANX-5                  
1 40056U 14034D   26165.71853608  .00000841  00000+0  11511-3 0  9999
2 40056  98.3127  40.9844 0013343  24.8566 335.3286 14.81277878634973
VELOX-I                 
1 40057U 14034E   26165.78705259  .00005010  00000+0  43108-3 0  9995
2 40057  98.2544  70.6553 0006501 285.6885  74.3618 14.97863127646249
GONETS-M 10             
1 40063U 14036C   26165.81663450  .00000041  00000+0  22404-3 0  9999
2 40063  82.5106 309.1468 0022564 145.5351 214.7197 12.42945840541955
METEOR-M 2              
1 40069U 14037A   26165.89312127  .00000036  00000+0  35910-4 0  9997
2 40069  98.5105 141.7122 0006826  50.1032 310.0745 14.21461200618994
DX1                     
1 40071U 14037C   26165.87667938  .00000767  00000+0  86077-4 0  9992
2 40071  98.3862 127.4378 0005782 285.5808  74.4770 14.89978350645761
UKUBE-1                 
1 40074U 14037F   26165.72213670  .00007558  00000+0  42614-3 0  9992
2 40074  98.4228 168.7350 0002551 134.4601 225.6837 15.13520527648183
GAOFEN-2                
1 40118U 14049A   26165.87904719  .00000910  00000+0  12469-3 0  9991
2 40118  98.0116 230.0882 0006020 235.8027 124.2615 14.80897460638891
BRITE-PL2 (HEWELIUSZ)   
1 40119U 14049B   26165.82912721  .00001407  00000+0  13529-3 0  9999
2 40119  97.9095 277.8109 0015212 115.4686 244.8109 14.94586451641097
CBERS 4                 
1 40336U 14079A   26165.87645192 -.00000053  00000+0 -36744-5 0  9997
2 40336  98.3539 222.7803 0001886  66.1502 293.9882 14.35507850603628
SMAP                    
1 40376U 15003A   26165.82347174  .00000375  00000+0  81714-4 0  9994
2 40376  98.1276 172.9515 0001304  95.7122 264.4229 14.63364761607271
GONETS-M 11             
1 40552U 15020A   26165.91543014  .00000077  00000+0  48720-3 0  9998
2 40552  82.4878  32.4082 0016727  10.6257 349.5173 12.42877070508450
GONETS-M 12             
1 40553U 15020B   26165.88894532  .00000052  00000+0  30250-3 0  9991
2 40553  82.4912  33.5478 0015480 355.9508   4.1444 12.42891036508442
GONETS-M 13             
1 40554U 15020C   26165.86238858  .00000033  00000+0  17094-3 0  9993
2 40554  82.4874  32.1801 0013779 341.4471  18.6105 12.42870112508416
DMC3-FM1                
1 40715U 15032A   26165.84818115  .00000877  00000+0  10688-3 0  9991
2 40715  97.6469  31.1155 0007069  65.9931 294.2024 14.85736879589565
DMC3-FM2                
1 40716U 15032B   26165.87024049  .00001040  00000+0  12564-3 0  9998
2 40716  97.6526  32.7090 0007680  70.0462 290.1580 14.85744446589561
DMC3-FM3                
1 40717U 15032C   26165.89355101  .00000134  00000+0  21385-4 0  9992
2 40717  97.6577  34.4829 0006835  69.7260 290.4690 14.85730484589572
CARBONITE 1 (CBNT-1)    
1 40718U 15032D   26165.82190987  .00001324  00000+0  16662-3 0  9998
2 40718  97.6499 343.9879 0013326 306.7296  53.2694 14.83580790588990
DEORBITSAIL             
1 40719U 15032E   26165.82854713  .00007075  00000+0  51796-3 0  9999
2 40719  97.5876  22.7015 0011709 241.3845 118.6204 15.03823367590898
2015-049G               
1 40905U 15049G   26165.87682009  .00038332  00000+0  37136-3 0  9998
2 40905  97.4556 209.8110 0005064 199.7803 160.3261 15.66285164596080
LILACSAT-2              
1 40908U 15049K   26165.88577484  .00016572  00000+0  28296-3 0  9991
2 40908  97.4647 202.6397 0005394 256.1221 103.9431 15.51379523595392
COSMOS 2507 (RODNIK-S *)
1 40920U 15050A   26165.81739564 -.00000005  00000+0 -10844-3 0  9995
2 40920  82.4928  81.1455 0010317   1.9273 358.1845 12.42926541486567
COSMOS 2508 (RODNIK-S *)
1 40921U 15050B   26165.85289002 -.00000032  00000+0 -30248-3 0  9997
2 40921  82.4882  79.6294 0015262  31.6396 328.5598 12.42913767486551
COSMOS 2509 (RODNIK-S *)
1 40922U 15050C   26165.87317087 -.00000064  00000+0 -53222-3 0  9997
2 40922  82.4889  79.7189 0015774  47.6070 312.6342 12.42883129486590
LQSAT                   
1 40958U 15057A   26165.90162155  .00000900  00000+0  13505-3 0  9998
2 40958  97.6673 159.3892 0015492 281.9499  77.9975 14.76783024574974
LINGQIAO VIDEO A        
1 40959U 15057B   26165.85562933  .00000345  00000+0  55248-4 0  9995
2 40959  97.6613 160.7721 0015223 278.8620  81.0867 14.77389270575062
LINGQIAO VIDEO B        
1 40960U 15057C   26165.90019233  .00001032  00000+0  15123-3 0  9994
2 40960  97.6579 161.9787 0015335 278.5663  81.3810 14.77498417575119
JILIN-1                 
1 40961U 15057D   26165.84706370  .00000718  00000+0  10571-3 0  9995
2 40961  97.6507 165.3299 0015312 271.4015  88.5443 14.78156962575269
FOX-1A (AO-85)          
1 40967U 15058D   26165.66956632  .00002284  00000+0  21146-3 0  9990
2 40967  64.7762 286.8077 0130289  57.5807 303.7830 14.90959259113195
SINOD-D 1               
1 40968U 15058E   26165.60471961  .00003177  00000+0  25974-3 0  9997
2 40968  64.7761 266.9995 0118880  54.1051 307.1029 14.95891927116272
ELEKTRO-L 2             
1 41105U 15074A   26165.04412756 -.00000114  00000+0  00000+0 0  9992
2 41105   6.6845  70.5612 0000704 243.9352 309.2359  1.00270718 38471
DAMPE                   
1 41173U 15078A   26165.81515628  .00001015  00000+0  36656-4 0  9999
2 41173  97.4552 171.2701 0013831  84.7377 275.5442 15.30779099584186
ORBCOMM FM114           
1 41179U 15081A   26165.85545001  .00000405  00000+0  12199-3 0  9998
2 41179  47.0062  13.0287 0002332 198.9463 161.1336 14.58856414557413
ORBCOMM FM110           
1 41182U 15081D   26165.29599256  .00000633  00000+0  17014-3 0  9995
2 41182  47.0033  15.1133 0002589  58.4001 301.7137 14.58876713557202
ORBCOMM FM112           
1 41184U 15081F   26165.60879625  .00000537  00000+0  14973-3 0  9997
2 41184  46.9997 282.4402 0003589 206.9755 153.0944 14.58900840558570
ORBCOMM FM113           
1 41185U 15081G   26165.58533963  .00000343  00000+0  10887-3 0  9992
2 41185  47.0013 282.9257 0002139 214.6325 145.4422 14.58856169558552
ORBCOMM FM108           
1 41187U 15081J   26165.54775661  .00000303  00000+0  10032-3 0  9991
2 41187  47.0035 194.6770 0002809 212.6751 147.3961 14.58867428559697
ORBCOMM FM117           
1 41188U 15081K   26165.78720742  .00000279  00000+0  95337-4 0  9992
2 41188  46.9995 192.1789 0003366 215.0215 145.0450 14.58863849559775
ORBCOMM FM116           
1 41189U 15081L   26165.63071435  .00000570  00000+0  15661-3 0  9990
2 41189  47.0030 282.7098 0000676  42.8537 317.2401 14.58879865558561
CHUBUSAT-2              
1 41338U 16012B   26165.78198617  .00005739  00000+0  24811-3 0  9998
2 41338  30.9982 337.1715 0008870  52.7733 307.3716 15.20860333568051
CHUBUSAT-3              
1 41339U 16012C   26165.83844437  .00004911  00000+0  22658-3 0  9991
2 41339  31.0060 346.3283 0009261  41.1350 318.9987 15.18541156567845
HORYU-4                 
1 41340U 16012D   26165.49642719  .00399139  56274-4  10359-2 0  9996
2 41340  30.9847  98.7619 0004716 253.7574 106.2569 15.93820636570381
ZIYUAN 3-02 (ZY 3-02)   
1 41556U 16033A   26165.88781868  .00005241  00000+0  23591-3 0  9992
2 41556  97.3841 241.7064 0011238 298.9609  61.0500 15.21462495557634
CARTOSAT-2C             
1 41599U 16040A   26165.88695690  .00004744  00000+0  22770-3 0  9999
2 41599  97.4489 225.8966 0010418 138.3225 221.8805 15.19303316553367
LAPAN-A3                
1 41603U 16040E   26165.84144530  .00003170  00000+0  10136-3 0  9998
2 41603  97.1485 162.0642 0011175  33.6059 326.5890 15.33091095554454
GAOFEN-3                
1 41727U 16049A   26165.86387968 -.00000105  00000+0 -18730-4 0  9996
2 41727  98.4006 173.6846 0001347 100.8071 259.3270 14.42214808518317
PRATHAM                 
1 41783U 16059A   26165.72030204  .00000517  00000+0  99608-4 0  9990
2 41783  97.8324 162.6865 0030134 224.6148 135.2632 14.67191726519157
ALSAT-1N                
1 41789U 16059G   26165.80016365  .00000851  00000+0  15143-3 0  9999
2 41789  97.8003 169.2569 0025274 192.4070 167.6517 14.69303769519656
CAS-2T & KS-1Q          
1 41847U 16066G   26165.47017350  .00001606  00000+0  23210-3 0  9993
2 41847  98.3821 241.2375 0342714 137.6929 225.1249 14.44686169504406
YUNHAI-1 01             
1 41857U 16068A   26165.86172266  .00000300  00000+0  12633-3 0  9994
2 41857  98.5827 176.8901 0006260  49.2389 310.9337 14.32704095501497
RESOURCESAT-2A          
1 41877U 16074A   26165.81856917  .00000335  00000+0  17272-3 0  9992
2 41877  98.7533 239.3420 0003334  88.1141 272.0418 14.21616476493966
TANSAT                  
1 41898U 16081A   26165.84974308  .00000351  00000+0  83544-4 0  9995
2 41898  98.5357 166.0379 0019698 319.8272  40.1470 14.59949536504286
JILIN-1 03              
1 41914U 17002B   26165.81882972  .00012221  00000+0  29292-3 0  9998
2 41914  97.1939 172.9366 0006509 161.6893 198.4590 15.41526549521496
CARTOSAT-2D             
1 41948U 17008A   26165.85324009  .00003553  00000+0  17146-3 0  9990
2 41948  97.4111 225.2027 0003746 239.8701 120.2163 15.19316587517229
CARTOSAT-2E             
1 42767U 17036C   26165.87103631  .00003968  00000+0  19155-3 0  9991
2 42767  97.4282 225.7114 0002653 333.6099  26.5000 15.19238948497790
D-SAT                   
1 42794U 17036AF  26165.85494568  .00004852  00000+0  22844-3 0  9993
2 42794  97.5551 144.7762 0082172 168.5308 191.7823 15.17016339490507
IRIDIUM 113             
1 42803U 17039A   26165.86823154  .00000029  00000+0  32166-5 0  9997
2 42803  86.3968 323.1482 0002285  89.2025 270.9433 14.34217766470858
NORSAT 2                
1 42828U 17042D   26165.72644583  .00008689  00000+0  38419-3 0  9995
2 42828  97.4029 339.2060 0010639  65.0142 295.2198 15.21885338487365
TECHNOSAT               
1 42829U 17042E   26165.72268120  .00003860  00000+0  27556-3 0  9991
2 42829  97.4273 323.4740 0018822 101.9934 258.3404 15.04945225486337
FLYING LAPTOP           
1 42831U 17042G   26165.85249463  .00003316  00000+0  26239-3 0  9990
2 42831  97.4671 321.4751 0019511 129.3189 230.9769 15.01133419486100
WNISAT 1R               
1 42835U 17042L   26165.42669389  .00002208  00000+0  17384-3 0  9990
2 42835  97.4830 321.6475 0010827 156.3527 203.8198 15.01752419486093
LEMUR-2-GREENBERG       
1 42837U 17042N   26165.73455131  .00014863  00000+0  49379-3 0  9993
2 42837  97.3808 346.3707 0008768  22.6789 337.4838 15.31261970488016
LEMUR-2-FURIAUS         
1 42840U 17042R   26165.72661628  .00015735  00000+0  54036-3 0  9991
2 42840  97.3761 344.3239 0008284  76.5873 283.6291 15.30180313487835
CORVUS BC2              
1 42846U 17042X   26165.40478404  .00003937  00000+0  27160-3 0  9999
2 42846  97.4051 326.8627 0014186 119.3255 240.9392 15.06278341486646
CORVUS BC1              
1 42847U 17042Y   26165.53255685  .00003793  00000+0  26070-3 0  9997
2 42847  97.4088 327.7978 0013201  97.3564 262.9164 15.06449976486691
VRSS-2                  
1 42954U 17060A   26165.89024917  .00000918  00000+0  12402-3 0  9997
2 42954  97.6516 203.7204 0018574 105.5775 254.7490 14.81192010468111
MOHAMMED VI-A           
1 43005U 17070A   26165.83991564  .00000980  00000+0  14606-3 0  9998
2 43005  97.9565 238.2033 0001402  72.1376 287.9987 14.77067860463637
FENGYUN 3D              
1 43010U 17072A   26165.89216579 -.00000004  00000+0  19838-4 0  9999
2 43010  99.0118 140.2725 0002575  66.9854 293.1593 14.19739260444664
CZ-4C R/B               
1 43012U 17072C   26165.84603781  .00000487  00000+0  10475-3 0  9992
2 43012  98.5792 273.7691 0122924 158.6273 202.0122 14.58780677456297
NOAA 20 (JPSS-1)        
1 43013U 17073A   26165.67528336  .00000025  00000+0  32923-4 0  9998
2 43013  98.7772 105.1602 0000287  77.0166 283.1042 14.19511256444111
MAKERSAT 0              
1 43016U 17073D   26165.63270566  .00017623  00000+0  48038-3 0  9991
2 43016  97.4633  48.1322 0105208 282.2436  76.7040 15.32025489466077
RADFXSAT (FOX-1B)       
1 43017U 17073E   26165.89282045  .00008137  00000+0  35586-3 0  9999
2 43017  97.4709  33.1549 0149905 337.2448  22.2183 15.12688328465048
JILIN-1 04              
1 43022U 17074A   26165.81557656  .00012525  00000+0  29192-3 0  9993
2 43022  97.4863 275.3644 0003936 186.7463 173.3731 15.42392577473900
JILIN-1 05              
1 43023U 17074B   26165.83788662  .00007960  00000+0  24558-3 0  9997
2 43023  97.4868 271.9598 0004167 223.5933 136.4980 15.33844203473640
JILIN-1 06              
1 43024U 17074C   26165.80919397  .00005537  00000+0  17253-3 0  9998
2 43024  97.4794 268.9434 0005541 240.8396 119.2292 15.33669875473472
IRIDIUM 116             
1 43072U 17083C   26165.84286016  .00000041  00000+0  74592-5 0  9996
2 43072  86.3961 322.9816 0001934  97.4864 262.6552 14.34217887443832
IRIDIUM 130             
1 43073U 17083D   26165.67161001 -.00000004  00000+0 -86601-5 0  9999
2 43073  86.3968 323.3285 0001806  90.8842 269.2561 14.34217388443756
LKW-2                   
1 43080U 17084A   26165.86504997  .00006053  00000+0  23584-3 0  9991
2 43080  97.1193 205.7687 0000820 183.1493 176.9741 15.26312504471333
SUPERVIEW-1 03          
1 43099U 18002A   26165.82539148  .00015486  00000+0  38541-3 0  9993
2 43099  97.3141 250.6661 0047041 187.9873 172.0629 15.39186583468001
CARTOSAT-2F             
1 43111U 18004A   26165.83728992  .00004385  00000+0  21164-3 0  9997
2 43111  97.4793 225.4947 0000549 237.3048 122.8134 15.19199304466974
LKW-3                   
1 43146U 18006A   26165.83777044  .00015228  00000+0  44750-3 0  9993
2 43146  97.6600 326.3206 0002257 334.8831  25.2301 15.35216195468353
ASNARO-2                
1 43152U 18007A   26165.81986010  .00008742  00000+0  38100-3 0  9999
2 43152  97.3965 172.7841 0001713  90.1129 270.0304 15.22422242467054
JILIN-1 07              
1 43159U 18008E   26165.81091439  .00008510  00000+0  25502-3 0  9994
2 43159  97.1765 185.8027 0010033  72.4017 287.8322 15.34688021464631
JILIN-1 08              
1 43160U 18008F   26165.87483500  .00006410  00000+0  19895-3 0  9991
2 43160  97.1799 185.1839 0008085  86.4819 273.7348 15.33690312464595
S-NET D                 
1 43186U 18014G   26165.62491194  .00005138  00000+0  26580-3 0  9992
2 43186  97.5371  70.4319 0009168  38.0119 322.1759 15.16651784458376
S-NET B                 
1 43187U 18014H   26165.63631422  .00004632  00000+0  24019-3 0  9997
2 43187  97.5378  70.4300 0009687  33.4028 326.7814 15.16621899458374
S-NET A                 
1 43188U 18014J   26165.62380336  .00005235  00000+0  27069-3 0  9990
2 43188  97.5387  70.6254 0009569  34.0888 326.0957 15.16659834458376
S-NET C                 
1 43189U 18014K   26165.64017720  .00004528  00000+0  23488-3 0  9992
2 43189  97.5402  70.7161 0010738  26.1004 334.0768 15.16613951456923
PAZ                     
1 43215U 18020A   26165.86748742  .00001679  00000+0  83153-4 0  9998
2 43215  97.4454 173.2863 0001694  85.4214 274.7214 15.19145576460656
GOES 17                 
1 43226U 18022A   26165.81356215 -.00000177  00000+0  00000+0 0  9995
2 43226   0.9312  85.7532 0000388  33.8569 346.8805  1.00270028 30408
LKW-4                   
1 43236U 18025A   26165.51709610  .00039764  00000+0  45443-3 0  9994
2 43236  97.6334 336.1817 0001815 304.7112  55.3974 15.62081787459617
ZHUHAI-1 OVS-02         
1 43440U 18040B   26165.86934542  .00006937  00000+0  28062-3 0  9994
2 43440  97.0382 183.2363 0001561 252.2849 107.8220 15.24998374452369
ZHUHAI-1 OHS-02         
1 43441U 18040C   26165.85572869  .00007054  00000+0  27793-3 0  9995
2 43441  97.0366 190.1607 0007816 229.5509 130.5049 15.25852467113920
GAOFEN-6                
1 43484U 18048A   26165.83492310  .00000594  00000+0  92174-4 0  9998
2 43484  97.8551 228.6412 0011616 175.0156 185.1172 14.76596077433046
LUOJIA-1 01             
1 43485U 18048B   26165.88678299  .00001628  00000+0  18642-3 0  9992
2 43485  97.8110 244.1107 0010103 124.5097 235.7074 14.87275952433877
PAKTES 1A               
1 43529U 18056A   26165.86876953  .00002755  00000+0  23099-3 0  9999
2 43529  98.1300 322.2568 0022240 113.3549 247.0015 14.99101918431572
PRSS-1                  
1 43530U 18056B   26165.82672370  .00001327  00000+0  17374-3 0  9997
2 43530  97.7826 233.7618 0001689  75.3812 284.7589 14.81987522428088
HAIYANG-1C              
1 43609U 18068A   26165.80320560  .00000243  00000+0  10221-3 0  9996
2 43609  98.5197 238.1455 0012073 100.4601 259.7945 14.34178740406747
SSTL S1-4               
1 43618U 18071A   26165.88129947  .00000659  00000+0  63333-4 0  9998
2 43618  97.5047  37.5929 0001454  99.3520 260.7866 14.96181059422594
HAIYANG-2B              
1 43655U 18081A   26165.84176582  .00000056  00000+0  97263-4 0  9993
2 43655  99.3279 174.6332 0000528   7.6553 352.4607 13.79306891384606
CZ-4B R/B               
1 43656U 18081B   26165.66946626  .00000089  00000+0  44444-4 0  9997
2 43656  99.3681  83.3939 0203727 274.0692  83.7227 14.31865263398949
CFOSAT                  
1 43662U 18083A   26165.85017230  .00002948  00000+0  15526-3 0  9991
2 43662  97.3601 170.4498 0002436  92.4483 267.7029 15.16361627422084
TEN-KOH                 
1 43677U 18084G   26165.79347840  .00002012  00000+0  15456-3 0  9998
2 43677  98.0774 358.0563 0011348 121.1232 239.1107 15.02935455415803
DIWATA-2B               
1 43678U 18084H   26165.83579470  .00002835  00000+0  23024-3 0  9993
2 43678  98.1177   1.9424 0012338 177.7083 182.4199 15.00444092415860
STARS-AO                
1 43679U 18084J   26165.83096294  .00005232  00000+0  26836-3 0  9990
2 43679  98.0501  19.6574 0002737 142.1276 218.0148 15.17030015417119
AUTCUBE 2               
1 43681U 18084K   26165.84493061  .00003725  00000+0  23293-3 0  9996
2 43681  98.0711  11.8957 0010138  56.4872 303.7323 15.10078182416573
METOP-C                 
1 43689U 18087A   26165.81564985  .00000095  00000+0  63177-4 0  9991
2 43689  98.6645 225.4626 0001681 132.1938 227.9382 14.21511514394497
ES'HAIL 2               
1 43700U 18090A   26165.83636058  .00000000  00000+0  00000+0 0  9999
2 43700   0.0256   7.5484 0001586 117.4904 104.9712  1.00269664 27651
MOHAMMED VI-B           
1 43717U 18095A   26165.80595365  .00000398  00000+0  63548-4 0  9995
2 43717  97.9562 238.1638 0001241  94.3417 265.7935 14.77114145407833
HYSIS                   
1 43719U 18096A   26165.84300874  .00000956  00000+0  13746-3 0  9995
2 43719  97.9848 232.6094 0001884 107.7132 252.4284 14.78692067407074
COSMOS 2530 (RODNIK-S *)
1 43751U 18097A   26165.88132023  .00000084  00000+0  53331-3 0  9991
2 43751  82.5148 223.7113 0020270  44.5121 315.7583 12.42881104342009
COSMOS 2531 (RODNIK-S *)
1 43752U 18097B   26165.82315795 -.00000027  00000+0 -26986-3 0  9990
2 43752  82.5194 224.8050 0017784  63.1967 297.0929 12.42912356342015
COSMOS 2532 (RODNIK-S *)
1 43753U 18097C   26165.85142792 -.00000032  00000+0 -29990-3 0  9993
2 43753  82.5138 223.5745 0019174  65.0083 295.2985 12.42909335341986
MINXSS-2                
1 43758U 18099A   26165.76291329  .00032381  00000+0  64643-3 0  9995
2 43758  97.4546 241.9761 0006481 265.2726  94.7783 15.46755890413751
SIRION PATHFINDER-2     
1 43759U 18099B   26165.60507885  .00004610  00000+0  25357-3 0  9999
2 43759  97.4257 214.7237 0007378 315.9983  44.0661 15.14528861412237
AISTECHSAT 2            
1 43768U 18099L   26165.71191255  .00004614  00000+0  24761-3 0  9993
2 43768  97.4295 213.7999 0003330 323.0099  37.0904 15.15427724411907
FOX-1CLIFF (AO-95)      
1 43770U 18099N   26165.65258519  .00010710  00000+0  41050-3 0  9990
2 43770  97.4388 225.9077 0008247   7.1912 352.9444 15.26665093412837
2018-099Q               
1 43772U 18099Q   26165.77321793  .00419848  68794-4  13424-2 0  9997
2 43772  97.4152 247.0860 0009368 258.0163 102.0060 15.90965928414283
RANGE-A                 
1 43773U 18099R   26165.86384895  .00004805  00000+0  27264-3 0  9992
2 43773  97.3965 208.5107 0010068   5.1044 355.0288 15.13371890412148
SNUSAT-2                
1 43782U 18099AA  26165.11141786  .00008628  00000+0  38269-3 0  9994
2 43782  97.4062 218.5423 0008763 311.0758  48.9720 15.21797709412564
SNUGLITE                
1 43784U 18099AC  26165.12959470  .00011763  00000+0  44475-3 0  9994
2 43784  97.3877 219.4395 0001291 317.8162  42.2978 15.27120086412857
ITASAT                  
1 43786U 18099AE  26165.71612205  .00005811  00000+0  28016-3 0  9993
2 43786  97.4031 217.2768 0012365   9.0773 351.0683 15.19030078412535
EAGLET-I                
1 43790U 18099AJ  26165.60568616  .00004020  00000+0  23157-3 0  9994
2 43790  97.4235 215.3426 0010934   3.5694 356.5613 15.12923736411949
ESEO                    
1 43792U 18099AL  26165.85211344  .00002077  00000+0  15338-3 0  9998
2 43792  97.3971 203.3400 0011573 347.7740  12.3204 15.04239575411452
THEA                    
1 43796U 18099AQ  26165.65972656  .00016847  00000+0  49874-3 0  9992
2 43796  97.4445 235.3269 0005851 294.4586  65.6046 15.34940589412306
ASTROCAST 0.1           
1 43798U 18099AS  26165.16148111  .00036778  00000+0  67053-3 0  9995
2 43798  97.4384 243.5643 0004918 214.5977 145.4955 15.49357365413966
JY1SAT (JO-97)          
1 43803U 18099AX  26165.15960116  .00016674  00000+0  51563-3 0  9990
2 43803  97.4134 227.9830 0004214 277.2169  82.8595 15.33568110413169
SUOMI-100               
1 43804U 18099AY  26165.65291372  .00011316  00000+0  41181-3 0  9990
2 43804  97.4195 226.0553 0008367 290.0170  70.0169 15.28364085413038
CENTAURI-1              
1 43809U 18099BD  26165.63246898  .00005301  00000+0  27616-3 0  9990
2 43809  97.4224 217.4065 0013323 343.1144  16.9643 15.16342950412115
GLOBAL-2                
1 43812U 18099BG  26165.81975681  .00002604  00000+0  17006-3 0  9998
2 43812  97.3556 202.4317 0006797 148.3532 211.8107 15.08660843411556
SEAHAWK-1               
1 43820U 18099BQ  26165.63926904  .00008184  00000+0  35308-3 0  9995
2 43820  97.3962 218.1635 0006975 326.4004  33.6789 15.22771626412144
SAUDISAT 5A             
1 43831U 18102A   26165.87282456  .00005278  00000+0  19544-3 0  9990
2 43831  97.3073 227.4981 0010879 136.1079 224.1027 15.28027233415321
SAUDISAT 5B             
1 43833U 18102C   26165.89205796  .00004783  00000+0  17597-3 0  9992
2 43833  97.3180 230.5825 0011539 138.4574 221.7544 15.28285130415445
2018-102D               
1 43834U 18102D   26165.85412545  .00070339  00000+0  65775-3 0  9992
2 43834  97.3446 254.8950 0003008  91.1963 268.9642 15.67047433416884
ISAT                    
1 43879U 18111D   26165.79659588  .00085076  00000+0  86450-3 0  9991
2 43879  97.5888 100.8344 0000770 103.7373 256.3971 15.64912377410795
UWE-4                   
1 43880U 18111E   26165.30258735  .00032250  00000+0  66149-3 0  9998
2 43880  97.5859  93.5612 0006031 355.2213   4.8977 15.45969448410336
D-STAR ONE (SPARROW)    
1 43881U 18111F   26165.39748497  .00147075  00000+0  10338-2 0  9997
2 43881  97.6125 105.9738 0004383 109.0587 251.1152 15.73694682410932
JILIN-1 09              
1 43943U 19005B   26165.81087759  .00004707  00000+0  21854-3 0  9993
2 43943  97.4744 260.7934 0003814  99.3127 260.8539 15.20496954408783
JILIN-1 10              
1 43946U 19005E   26165.83110271  .00005447  00000+0  21656-3 0  9996
2 43946  97.4791 264.6350 0006577 289.4636  70.5891 15.25700765408958
EGYPTSAT-A (MISRSAT-A)  
1 44047U 19008A   26165.83254683  .00000999  00000+0  16590-3 0  9996
2 44047  98.0164 230.6252 0001271  93.3721 266.7632 14.72306406392891
EMISAT                  
1 44078U 19018A   26165.85718938  .00000040  00000+0  24854-4 0  9991
2 44078  98.4653 224.6702 0017573 222.1332 137.8509 14.43685550379723
JILIN-1 GAOFEN 3A       
1 44312U 19032C   26165.86905720  .00009566  00000+0  30735-3 0  9992
2 44312  44.9759   9.6941 0006500 284.5586  75.4577 15.32585020387488
WT 1B                   
1 44316U 19032G   26165.84467819  .00009346  00000+0  35470-3 0  9993
2 44316  44.9725  73.7240 0009810 237.5656 122.4279 15.27145527386728
PROX-1                  
1 44339U 19036A   26165.24564168  .00013018  00000+0  12702-2 0  9994
2 44339  23.9929 133.9015 0005534   2.9449 357.1083 14.90548290373031
NPSAT1                  
1 44340U 19036B   26165.47819521  .00004761  00000+0  66297-3 0  9991
2 44340  23.9992 235.4071 0007451 174.9278 185.1294 14.74560027372095
FORMOSAT 7-3            
1 44343U 19036E   26165.73850183  .00003601  00000+0  19635-3 0  9998
2 44343  23.9974 195.3961 0000389 210.3238 149.7244 15.09786556382878
FORMOSAT 7-1            
1 44349U 19036L   26165.37982172  .00002567  00000+0  19461-3 0  9995
2 44349  23.9974  51.3185 0000952 131.1981 228.8602 14.96494305384236
FORMOSAT 7-4            
1 44350U 19036M   26164.53546306  .00002573  00000+0  19512-3 0  9993
2 44350  23.9975 119.1166 0001353 138.0136 222.0469 14.96484230383529
FORMOSAT 7-2            
1 44351U 19036N   26165.69133799  .00002249  00000+0  16731-3 0  9990
2 44351  23.9962 165.6418 0000893 136.7195 223.3376 14.96489879383211
FORMOSAT 7-6            
1 44353U 19036Q   26165.82447887  .00002624  00000+0  19944-3 0  9999
2 44353  23.9997 345.5595 0001422  72.2882 287.7774 14.96502665381462
FORMOSAT 7-5            
1 44358U 19036V   26165.66838905  .00002568  00000+0  19459-3 0  9999
2 44358  23.9982 285.3646 0000654 108.3702 251.6870 14.96509143381978
METEOR-M2 2             
1 44387U 19038A   26165.85630240  .00000170  00000+0  93283-4 0  9991
2 44387  98.9136 153.1068 0002122  52.2599 307.8771 14.24366015360966
COSMOS 2535             
1 44421U 19039A   26165.86204744  .00000712  00000+0  75688-4 0  9999
2 44421  97.5767 194.1148 0007369 210.6790 149.3999 14.91937933376296
GLOBAL-4                
1 44499U 19054E   26165.71503988  .00048130  00000+0  49412-3 0  9998
2 44499  45.0056 250.6641 0006206 321.3031  38.7421 15.64203962379971
ZY-1 02D                
1 44528U 19059A   26165.83878551  .00000149  00000+0  66594-4 0  9999
2 44528  98.3195 227.4064 0002404 109.7127 250.4318 14.35459066354000
TAURUS-1 (JINNIUZUO 1)  
1 44530U 19059C   26165.79580755  .00004870  00000+0  78277-3 0  9998
2 44530  98.6405 330.4752 0007561 324.7049  35.3655 14.72074466358297
ZHUHAI-1 03B            
1 44536U 19060C   26165.80087231  .00027579  00000+0  42729-3 0  9993
2 44536  97.5520 323.4371 0007576 327.5940  32.4847 15.53973410375955
ZHUHAI-1 03D            
1 44538U 19060E   26165.83461345  .00028263  00000+0  51107-3 0  9991
2 44538  97.5387 315.6146 0006679 310.2810  49.7857 15.49635148375713
ZHUHAI-1 03E            
1 44539U 19060F   26165.84099491  .00015943  00000+0  38823-3 0  9993
2 44539  97.5605 315.7066 0006136  41.3024 318.8685 15.41000251375404
ATLAS 5 CENTAUR DEB     
1 44694U 18079BG  26164.88426548 -.00000083  00000+0  00000+0 0  9996
2 44694  13.6193  39.5485 4722045 298.6936  22.0066  1.77426275 46505
GAOFEN-7                
1 44703U 19072A   26165.83126421  .00003809  00000+0  17119-3 0  9995
2 44703  97.2432 227.3872 0017570  48.5952 311.6791 15.21586245367284
JILIN-1 GAOFEN 2A       
1 44777U 19075A   26165.85985404  .00012960  00000+0  33459-3 0  9998
2 44777  97.4974 249.5950 0007553  94.2973 265.9135 15.39254365364523
NINGXIA-1 1             
1 44779U 19076A   26165.75881242 -.00000091  00000+0  25348-4 0  9997
2 44779  45.0037 190.7042 0010472 151.6221 208.5185 14.02037937337511
NINGXIA-1 5             
1 44783U 19076E   26165.84344383 -.00000075  00000+0  35900-4 0  9999
2 44783  45.0039 189.6680 0009957 141.1187 219.0365 14.02085696337448
KL-ALPHA A              
1 44785U 19077A   26165.83279491  .00000060  00000+0  68161-4 0  9996
2 44785  88.9258 222.8220 0013172 111.6503 248.6056 13.56042660325418
CARTOSAT-3              
1 44804U 19081A   26165.85212977  .00003651  00000+0  17604-3 0  9995
2 44804  97.4311 227.7562 0012951 156.2767 203.9067 15.19265668363110
JILIN-1 GAOFEN 2B       
1 44836U 19086A   26165.84416793  .00005224  00000+0  24041-3 0  9997
2 44836  97.4888 237.8494 0013061 333.2537  26.8023 15.20689040360134
TIANQIN 1 (CAS-6)       
1 44879U 19093A   26165.81424080  .00001030  00000+0  98320-4 0  9990
2 44879  97.7814 249.6715 0012373  64.5068 295.7431 14.95423648351690
ETRSS-1                 
1 44880U 19093B   26165.82174438  .00002999  00000+0  27320-3 0  9998
2 44880  97.7825 250.1356 0012343  64.3205 295.9289 14.95855040351700
TIANYAN 01              
1 44881U 19093C   26165.82343443  .00001188  00000+0  14006-3 0  9999
2 44881  97.7537 238.1129 0015070  94.1051 266.1887 14.86516706351061
TIANYAN 02              
1 44882U 19093D   26165.85928825  .00006136  00000+0  43351-3 0  9999
2 44882  97.7947 260.6266 0014340  37.5167 322.7057 15.05205741352264
CBERS 4A                
1 44883U 19093E   26165.86097628  .00000567  00000+0  78691-4 0  9997
2 44883  98.0128 233.2981 0002047 355.9312   4.1884 14.81790046350739
WEILAI 1R               
1 44884U 19093F   26165.85415951  .00003408  00000+0  27360-3 0  9993
2 44884  97.7860 255.7359 0017889  43.5160 316.7471 15.00626169352077
FLORIPASAT-1            
1 44885U 19093G   26165.83013265  .00004094  00000+0  30157-3 0  9994
2 44885  97.7916 260.0436 0012931  79.1724 281.0956 15.03850403352298
SHUNTIAN                
1 44886U 19093H   26165.86573390  .00003752  00000+0  34656-3 0  9996
2 44886  97.8018 254.0379 0013341  75.7291 284.5410 14.95152555351834
2019-093L               
1 44889U 19093L   26165.84393713  .00002456  00000+0  23229-3 0  9990
2 44889  97.7568 244.1318 0013367  62.9817 297.2766 14.94526756351459
ELEKTRO-L 3             
1 44903U 19095A   26165.84629191 -.00000091  00000+0  00000+0 0  9993
2 44903   0.2500  81.5549 0000964 352.7818 209.4234  1.00271493 23684
GONETS-M 14             
1 44905U 19096A   26165.87473478 -.00000062  00000+0 -51868-3 0  9995
2 44905  82.5238  86.0741 0013401 152.8625 207.3158 12.42869373293393
GONETS-M 15             
1 44906U 19096B   26165.82363862 -.00000013  00000+0 -16698-3 0  9994
2 44906  82.5257  86.5669 0014785 176.6094 183.5088 12.42871241293359
GONETS-M 16             
1 44907U 19096C   26165.84989416 -.00000054  00000+0 -45770-3 0  9994
2 44907  82.5204  85.5041 0009749 220.2539 139.7820 12.42891285293345
RS-44 & BREEZE-KM R/B   
1 44909U 19096E   26165.73793111  .00000015  00000+0  11257-4 0  9998
2 44909  82.5218 341.3328 0218072 149.8762 211.5093 12.79748816302037
JILIN-1 KUANFU 01       
1 45016U 20003A   26165.83482615  .00002806  00000+0  17312-3 0  9990
2 45016  97.5032 239.8358 0008501 317.0954  42.9612 15.10712008354972
XINGYUN-2 01            
1 45602U 20028A   26165.89162360  .00001625  00000+0  98894-4 0  9999
2 45602  97.4861 158.3372 0008145 200.4645 159.6261 15.11799021334491
XINGYUN-2 02            
1 45603U 20028B   26165.86983453  .00001415  00000+0  87251-4 0  9993
2 45603  97.5065 171.9013 0009080 282.6135  77.4080 15.11530203334487
HAIYANG-1D              
1 45721U 20036A   26165.81033554  .00000080  00000+0  44030-4 0  9991
2 45721  98.4554 107.5415 0003300 133.7605 226.3853 14.34172592314634
M2 PATHFINDER           
1 45727U 20037E   26165.78582456  .00001971  00000+0  14450-3 0  9996
2 45727  97.8150 356.9908 0012336 153.3678 206.8184 15.04668685325137
GAOFEN DUOMO (GFDM)     
1 45856U 20042A   26165.83612728  .00000373  00000+0  59950-4 0  9997
2 45856  97.7753 225.8076 0012473  81.1925 279.0697 14.76876375320662
ZIYUAN 3-03 (ZY 3-03)   
1 45939U 20051A   26165.88219157  .00003174  00000+0  14399-3 0  9992
2 45939  97.2840 233.6826 0003477 332.5744  27.5308 15.21513828326991
NEMO-HD                 
1 46277U 20061F   26165.86227641  .00009837  00000+0  21366-3 0  9998
2 46277  97.1925 227.8384 0002415  84.0336 276.1188 15.44552446321628
3CAT-5A                 
1 46292U 20061W   26165.65205183  .00015488  00000+0  31876-3 0  9995
2 46292  97.2410 228.5469 0003148 120.0002 240.1560 15.46028330320639
3CAT-5B                 
1 46293U 20061X   26165.83177613  .00016872  00000+0  33096-3 0  9996
2 46293  97.2404 229.7042 0003380 119.6523 240.5064 15.47409645320695
NAPA-1                  
1 46320U 20061BA  26165.86502362  .00066862  00000+0  60912-3 0  9994
2 46320  97.2471 239.9680 0001315 170.4647 189.6640 15.67711732321373
JILIN-1 GAOFEN 3E       
1 46457U 20065D   26165.85392657  .00059472  00000+0  64157-3 0  9996
2 46457  97.2247 218.4089 0012766 164.2941 195.8716 15.63381429319394
JILIN-1 GAOFEN 3F       
1 46458U 20065E   26165.87485256  .00050083  00000+0  59957-3 0  9998
2 46458  97.2205 215.7769 0014351 153.6684 206.5306 15.60696605319344
JILIN-1 GAOFEN 3G       
1 46459U 20065F   26165.85480102  .00087328  00000+0  69629-3 0  9991
2 46459  97.2273 222.5215 0008733  72.7520 287.4698 15.70846137319574
JILIN-1 GAOFEN 3H       
1 46460U 20065G   26165.82133250  .00071268  00000+0  65481-3 0  9997
2 46460  97.2219 218.8292 0003803   4.0035 356.1256 15.67477968319517
HAIYANG-2C              
1 46469U 20066A   26165.85235370 -.00000020  00000+0  55189-4 0  9990
2 46469  65.9970 221.0972 0009011 238.1013 121.9179 13.83375201289179
HJ-2A                   
1 46478U 20067A   26165.86108063  .00001040  00000+0  15639-3 0  9997
2 46478  97.8833 244.2883 0002372 280.7357  79.3586 14.76515176307917
HJ-2B                   
1 46479U 20067B   26165.83026684  .00000300  00000+0  50124-4 0  9990
2 46479  97.8897 245.2778 0001203  95.1595 264.9753 14.76554337307916
GONETS-M 17             
1 46486U 20068A   26165.87498686  .00000116  00000+0  76789-3 0  9997
2 46486  82.4985 348.9417 0023174  42.3176 317.9686 12.42873511258876
GONETS-M 18             
1 46487U 20068B   26165.83864391  .00000064  00000+0  38924-3 0  9995
2 46487  82.4939 348.0830 0020427  39.1018 321.1533 12.42873514258852
GONETS-M 19             
1 46488U 20068C   26165.89459088  .00000072  00000+0  44479-3 0  9996
2 46488  82.4964 348.4983 0014331  54.2851 305.9560 12.42892359258964
DEKART                  
1 46493U 20068H   26165.86357067  .00011019  00000+0  30363-3 0  9993
2 46493  97.8734 174.9670 0007058 296.9238  63.1284 15.37304686315410
NORBI                   
1 46494U 20068J   26165.83056622  .00021580  00000+0  40890-3 0  9994
2 46494  97.8617 181.5879 0004629 256.3426 103.7308 15.48368216315842
SALSAT                  
1 46495U 20068K   26165.52910375  .00006973  00000+0  24454-3 0  9992
2 46495  97.8843 168.4319 0008235 319.4661  40.5964 15.29765944314951
ICEYE-X6                
1 46497U 20068M   26165.86358108  .00003426  00000+0  24926-3 0  9995
2 46497  98.0970 159.4235 0008581  97.1206 263.0995 15.04511357312889
NETSAT-4                
1 46504U 20068U   26165.53216644  .00016243  00000+0  36070-3 0  9990
2 46504  97.8597 173.5596 0004218 350.1398   9.9765 15.43786488315364
NETSAT-3                
1 46505U 20068V   26165.53639979  .00016823  00000+0  38862-3 0  9996
2 46505  97.8646 171.7838 0004578  11.5290 348.6060 15.42596190315276
NETSAT-1                
1 46506U 20068W   26165.72285977  .00011460  00000+0  34425-3 0  9996
2 46506  97.8739 166.3452 0005313  39.8526 320.3105 15.34593067314924
NETSAT-2                
1 46507U 20068X   26165.77005308  .00021176  00000+0  43681-3 0  9999
2 46507  97.8609 173.7025 0003760  34.0280 326.1208 15.45907771315367
TIANQI-6                
1 46810U 20076D   26165.42219384  .00003509  00000+0  23018-3 0  9990
2 46810  34.9997  65.4328 0009611 150.0215 210.1046 15.07166469308168
KSM1-C                  
1 46906U 20081B   26165.87086192  .00008508  00000+0  31970-3 0  9990
2 46906  36.8955  73.2408 0002790 236.5229 123.5253 15.26706812308813
KSM1-D                  
1 46907U 20081C   26165.73851197  .00008780  00000+0  35028-3 0  9991
2 46907  36.8959  83.0198 0005113 247.1259 112.8950 15.24692847308721
KSM1-A                  
1 46912U 20081H   26165.74202313  .00009258  00000+0  35571-3 0  9992
2 46912  36.8964  76.4114 0004703 289.3210  70.7030 15.25928060308806
R2                      
1 46913U 20081J   26165.43523043  .00006476  00000+0  25395-3 0  9997
2 46913  36.8984  78.2676 0009067 263.9079  96.0637 15.25391847311569
KSM1-B                  
1 46914U 20081K   26165.21766402  .00007687  00000+0  30917-3 0  9993
2 46914  36.9014  86.8230 0006911 259.4217 100.5753 15.24472348311739
GONETS-M 20             
1 47227U 20091A   26165.83262654 -.00000011  00000+0 -14817-3 0  9997
2 47227  82.5039 303.8996 0021096 182.9466 177.1493 12.42893565250782
GONETS-M 21             
1 47228U 20091B   26165.88697410  .00000054  00000+0  31560-3 0  9994
2 47228  82.4964 302.5741 0014659 195.8798 164.1823 12.42886911250781
GONETS-M 22             
1 47229U 20091C   26165.86008287  .00000023  00000+0  95251-4 0  9995
2 47229  82.5021 303.4884 0022034 178.3134 181.8024 12.42892924250736
CUBEL                   
1 47448U 21006AM  26165.62970833  .00017880  00000+0  43267-3 0  9992
2 47448  97.2334 216.2372 0007003 169.2896 190.8502 15.41151127299363
ARKTIKA-M 1             
1 47719U 21016A   26160.51571443 -.00000149  00000+0  00000+0 0  9996
2 47719  63.2417  58.7595 7285674 269.8905  14.6803  2.00625436 38630
STARLINK-2342           
1 47883U 21021Z   26165.83339119  .00168759  00000+0  85938-3 0  9994
2 47883  53.1532 159.8711 0001589  96.1459 246.1727 15.80425766  5817
GRUS-1B                 
1 47934U 21022C   26165.84049794  .00001411  00000+0  12128-3 0  9992
2 47934  97.5420  49.1179 0015442 336.6947  23.3574 14.98885209285543
2021-022F               
1 47937U 21022F   26165.83509375  .00007548  00000+0  23866-3 0  9998
2 47937  97.3904  66.5345 0011700  99.6726 260.5838 15.33015013289352
UNISAT-7                
1 47945U 21022P   26165.62605115  .00014010  00000+0  34764-3 0  9994
2 47945  97.3901  70.5243 0011174  86.2344 274.0180 15.40408430289462
2021-022X               
1 47953U 21022X   26163.16963429  .00105381  00000+0  74789-3 0  9998
2 47953  97.3914  79.8816 0007515  89.1239 271.0886 15.73569238289710
GLOBAL-9                
1 47971U 21023G   26165.73439559  .00019500  00000+0  38992-3 0  9999
2 47971  44.9818 264.3135 0004959 305.0821  54.9604 15.46527317294569
AII-BRAVO               
1 48270U 21034C   26165.62536051  .00004228  00000+0  31473-3 0  9995
2 48270  97.5631 220.5934 0004361 271.6957  88.3769 15.03465783279236
TYVAK-182A              
1 48271U 21034D   26165.60637657  .00003981  00000+0  27621-3 0  9993
2 48271  97.5725 224.5686 0005256 356.2519   3.8668 15.06147092279443
CSS (TIANHE)            
1 48274U 21035A   26165.80144780  .00021074  00000+0  24953-3 0  9997
2 48274  41.4695 336.5204 0007660  57.6860 302.4720 15.60716016292790
TYVAK-0130              
1 48606U 21041BF  26165.82076627  .00005436  00000+0  21168-3 0  9998
2 48606  52.9965  37.0767 0010468 154.4777 205.6739 15.27538639280029
HAIYANG-2D              
1 48621U 21043A   26165.83445404  .00000040  00000+0  10967-3 0  9992
2 48621  65.9992 310.5565 0011406 269.3435  90.6326 13.83376363256228
2021-050D               
1 48843U 21050D   26165.83948211  .00004267  00000+0  18273-3 0  9993
2 48843  97.3343 241.9282 0003927 275.3732  84.7057 15.23308058278605
TYVAK-0173              
1 48892U 21059P   26165.76685073  .00001548  00000+0  19963-3 0  9998
2 48892  96.0085 242.7251 0010319  47.0221 313.1860 14.81883746267887
MANDRAKE 2 ABLE         
1 48907U 21059AE  26165.79290294  .00018700  00000+0  28115-3 0  9992
2 48907  97.7026 355.3947 0004635  13.9991 346.1390 15.54905126276758
MANDRAKE 2 BAKER        
1 48908U 21059AF  26165.79571977  .00023519  00000+0  29827-3 0  9998
2 48908  97.6994 358.2527 0003113  16.1012 344.0342 15.59454199276924
PACE-1                  
1 48909U 21059AG  26165.81037948  .00082792  00000+0  45571-3 0  9999
2 48909  97.6756   3.6846 0000920 278.1640  81.9522 15.79477159277422
YAM-3                   
1 48915U 21059AN  26165.80556802  .00011182  00000+0  21198-3 0  9994
2 48915  97.6986 352.6051 0005185  18.6839 341.4600 15.48510228276627
FARADAY_PHOENIX         
1 48924U 21059AX  26165.80666544  .00125330  00000+0  73573-3 0  9994
2 48924  97.6806   3.5716 0002822 309.9622  50.1395 15.77908031277282
DEMO8 (TENZING)         
1 48951U 21059CA  26165.79590227  .00017387  00000+0  26136-3 0  9991
2 48951  97.7015 359.0335 0006425   4.8935 355.2380 15.54914978276938
NAPA-2                  
1 48963U 21059CN  26165.31751453  .00344921  51611-4  72327-3 0  9991
2 48963  97.6659   4.0943 0003102 239.6762 120.4209 15.98951733277358
FENGYUN 3E              
1 49008U 21062A   26165.87628808 -.00000297  00000+0 -11933-3 0  9998
2 49008  98.7486 169.3097 0002844  89.4318 270.7184 14.19902988256251
ISS (NAUKA)             
1 49044U 21066A   26165.80282117  .00008449  00000+0  16005-3 0  9994
2 49044  51.6336 311.8940 0004856 186.3522 173.7405 15.49231655571509
STARLINK-3100           
1 49144U 21082Q   26165.83719641 -.00000012  00000+0  67904-5 0  9998
2 49144  70.0000  49.5047 0003015 269.9221  90.1593 14.98333445260537
CUTE                    
1 49263U 21088D   26165.54895217  .00146915  10199-4  43652-3 0  9997
2 49263  97.4170 264.5907 0007696 232.4447 127.6129 15.92466161262134
2021-091B               
1 49316U 21091B   26165.81961345  .00001227  00000+0  62574-4 0  9992
2 49316  97.4466 353.4305 0014785  53.1616 307.0972 15.18541807258622
SDGSAT 1                
1 49387U 21100A   26165.86079708  .00001928  00000+0  92750-4 0  9996
2 49387  97.2640 212.8965 0006617 309.8117  50.2535 15.19917613255569
TEIKYOSAT-4 (OORURI)    
1 49396U 21102B   26165.80054551  .00001478  00000+0  95921-4 0  9994
2 49396  97.3671 195.3768 0010621 306.1738  53.8508 15.09501228252363
Z-SAT                   
1 49399U 21102E   26165.89123682  .00004548  00000+0  22471-3 0  9998
2 49399  97.3326 201.2833 0014857 253.7289 106.2311 15.18251286253098
HIBARI                  
1 49400U 21102F   26165.85013512  .00009871  00000+0  32443-3 0  9991
2 49400  97.3239 211.7798 0011148 200.0278 160.0527 15.31689205253833
KOSEN-1                 
1 49402U 21102H   26165.84781669  .00007000  00000+0  26779-3 0  9994
2 49402  97.3183 208.0502 0012949 209.0468 151.0052 15.26807699253662
GLOBAL-14               
1 49469U 21106A   26165.83158397  .00023939  00000+0  41093-3 0  9991
2 49469  42.0049 305.0787 0016212   2.2974 357.7942 15.50501948257761
GAOFEN-3 02             
1 49495U 21109A   26165.89819476 -.00000017  00000+0  79034-5 0  9992
2 49495  98.4083 174.0271 0003083  23.0734 337.0594 14.42216681239987
GLOBAL-12               
1 49772U 21115BA  26165.43586938  .00034553  00000+0  54081-3 0  9995
2 49772  53.1962  57.7689 0003251  62.9638 297.1705 15.53444105255470
GLOBAL-13               
1 49773U 21115BB  26165.01670670  .00022324  00000+0  45874-3 0  9990
2 49773  53.1981  69.6586 0003962 102.9926 257.1525 15.45931965255274
GLOBAL-17               
1 49949U 21120A   26165.00021375  .00029629  00000+0  47897-3 0  9994
2 49949  41.9957  68.2827 0015302 236.3899 123.5485 15.52104314254405
GLOBAL-16               
1 49950U 21120B   26165.00938033  .00027066  00000+0  47216-3 0  9992
2 49950  41.9951  71.8993 0013147 228.2954 131.6766 15.50041363254350
XW-3 (CAS-9)            
1 50466U 21131B   26165.83319605  .00000507  00000+0  17008-3 0  9994
2 50466  98.4983 258.2354 0005348 101.8886 258.2903 14.41355659234770
ION SCV-004             
1 50993U 22002K   26165.75015264  .00004951  00000+0  17069-3 0  9996
2 50993  97.2838 223.4544 0007438  16.3764 343.7716 15.30430915244921
ETV-A1                  
1 51060U 22002CE  26165.87041013  .00010568  00000+0  26126-3 0  9991
2 51060  97.2883 232.1820 0004785  12.5400 347.5964 15.40640677245486
BRO-5                   
1 51061U 22002CF  26165.85814516  .00027295  00000+0  53656-3 0  9999
2 51061  97.3004 239.5062 0003811 342.0547  18.0568 15.47250525245895
LUDI TANCE 1-01A (L-SA*)
1 51284U 22007A   26165.89541725  .00000556  00000+0  65857-4 0  9992
2 51284  97.8097 173.3479 0001594  90.7784 269.3615 14.88419535238137
LUDI TANCE 1-01B (L-SA*)
1 51822U 22018A   26165.86179554  .00000521  00000+0  62030-4 0  9998
2 51822  97.8102 173.3111 0001603  92.2140 267.9260 14.88415682233368
2022-019D               
1 51827U 22019D   26165.83025847  .00073928  00000+0  59334-3 0  9999
2 51827  97.3671 258.1868 0005347 151.0153 209.1408 15.70763670239337
2022-019J               
1 51832U 22019J   26165.83727512  .00002100  00000+0  99336-4 0  9994
2 51832  97.3438 228.7081 0007250 230.6340 129.4254 15.20430984237448
2022-023F               
1 51951U 22023F   26165.83880234  .00013102  00000+0  52223-3 0  9999
2 51951  63.4457 281.4637 0129708 342.4861  17.1797 15.18036524237355
CZ-4C R/B               
1 52085U 22027B   26165.45263868 -.00000068  00000+0  28192-4 0  9995
2 52085  63.3943  66.2038 0232315  22.6388 338.4697 13.65479956211661
MERIDIAN 10             
1 52145U 22030A   26164.97938615  .00000206  00000+0  00000+0 0  9997
2 52145  62.6760 141.1467 6782945 272.8562  17.6562  2.00613959 30963
OMNI-L1                 
1 52157U 22033A   26165.81693712  .00001772  00000+0  22592-3 0  9996
2 52157  97.8397 245.0402 0003884 299.0111  61.0714 14.82741202227100
ENMAP                   
1 52159U 22033C   26165.85898256  .00000526  00000+0  85730-4 0  9992
2 52159  97.9798 248.1416 0001393  83.9670 276.1697 14.74986280226319
ARCSAT-1                
1 52161U 22033E   26165.22710664  .00012356  00000+0  19565-3 0  9998
2 52161  97.2760 257.4564 0004744 189.7297 170.3866 15.53557447235246
GLOBAL-18               
1 52196U 22034B   26165.60480387  .00020961  00000+0  42749-3 0  9996
2 52196  52.9826 268.9812 0003091 267.8804  92.1848 15.46192690236568
GAOFEN-3 03             
1 52200U 22035A   26165.87082041 -.00000063  00000+0 -57899-5 0  9994
2 52200  98.4057 174.4844 0001260 102.3175 257.8156 14.42214542220517
DAQI-1                  
1 52257U 22039A   26165.88014788  .00000129  00000+0  38054-4 0  9996
2 52257  98.1482 104.7797 0002245 265.6033  94.4910 14.57676015221608
BRO-6                   
1 52422U 22047AE  26165.81435983  .00033036  00000+0  58078-3 0  9996
2 52422  97.3407 256.8235 0005255  86.7975 273.3878 15.50412919230782
JILIN-1 GAOFEN 3D27     
1 52444U 22048B   26165.86804439  .00109970  00000+0  73903-3 0  9997
2 52444  97.5720 279.5933 0001173  40.0565 320.0786 15.74862913229118
JILIN-1 GAOFEN 3D28     
1 52445U 22048C   26165.80836306  .00132749  00000+0  78168-3 0  9998
2 52445  97.5658 279.6690 0000708 180.4207 179.7058 15.77821738229153
VIGORIDE-3              
1 52760U 22057AE  26165.85802814  .00005334  00000+0  20243-3 0  9990
2 52760  97.6601 305.7703 0009493 127.5010 232.7093 15.27258747224807
ION SCV-006             
1 52761U 22057AF  26165.38055400  .00012610  00000+0  26564-3 0  9997
2 52761  97.6093 313.8676 0018310 123.1526 237.1482 15.45228546225686
SHERPA-AC1              
1 52763U 22057AH  26165.85230400  .00006655  00000+0  19069-3 0  9990
2 52763  97.6680 314.9809 0008941 100.5158 259.7093 15.36234563225346
OMNI-L2                 
1 52771U 22057AR  26165.75839770  .00001235  00000+0  16404-3 0  9992
2 52771  97.4717 228.2800 0005994 345.6942  14.4101 14.81364959220039
STEP CUBE LAB-II        
1 52897U 22065D   26165.87940700  .00000951  00000+0  19350-3 0  9996
2 52897  98.2216 309.7880 0009488  38.9849 321.2036 14.63301513211161
RANDEV                  
1 52898U 22065E   26165.88109398  .00000909  00000+0  18385-3 0  9998
2 52898  98.2202 310.1403 0008812  39.6951 320.4894 14.63688422210918
SNUGLITE-II             
1 52899U 22065F   26165.84446744  .00000834  00000+0  16712-3 0  9993
2 52899  98.2198 310.6791 0008150  39.7607 320.4191 14.64343951210659
MIMAN                   
1 52900U 22065G   26165.85797646  .00000435  00000+0  96543-4 0  9995
2 52900  98.2257 308.3521 0008364  41.5242 318.6593 14.61841570210108
STARLINK-4362           
1 53043U 22077A   26165.74020838 -.00001905  00000+0 -12803-3 0  9998
2 53043  97.3614 344.7997 0002061  81.8665 278.2796 15.05659167215513
LARES-2                 
1 53105U 22080A   26164.25617662 -.00000017  00000+0  00000+0 0  9997
2 53105  70.1627 306.6773 0005398 335.8266  24.1972  6.38965105 91412
GREENCUBE (IO-117)      
1 53109U 22080E   26164.29338770 -.00000003  00000+0  00000+0 0  9990
2 53109  70.1444 299.5995 0008910 290.4576  69.5127  6.42583230 91811
STARLINK-4410           
1 53204U 22084R   26165.83339119  .00004253  00000+0  14911-3 0  9999
2 53204  97.6008 226.8667 0001413  82.8282 135.5035 15.30026467  5700
COSMOS 2558             
1 53323U 22089A   26165.85907700  .00100330  00000+0  67856-3 0  9994
2 53323  97.2263 269.8287 0000979 234.1412 125.9762 15.74745040217460
TECMS                   
1 53346U 22090A   26165.85699339  .00003597  00000+0  16339-3 0  9994
2 53346  97.3142 234.0315 0003217 182.5851 177.5369 15.21393425214459
DONGPO 02               
1 53452U 22098J   26164.99966420  .00113495  00000+0  78991-3 0  9993
2 53452  97.5515 295.9132 0002034 282.6019  77.5017 15.74035042214297
DONGPO 01               
1 53453U 22098K   26165.87708288  .00090632  00000+0  68730-3 0  9995
2 53453  97.5584 297.3985 0001702 236.8301 123.2798 15.72081698214394
STARLINK-4400           
1 53468U 22099D   26165.85236161 -.00001368  00000+0 -90842-4 0  9996
2 53468  97.3593 284.9890 0001260 149.7799 210.3501 15.05654946210593
STARLINK-4621           
1 53676U 22105AE  26165.65576119 -.00000032  00000+0  17916-5 0  9991
2 53676  97.3602  44.8123 0002309  84.9807 275.1684 15.05649784207829
SHERPA-LTC2             
1 53754U 22107BG  26165.46616204  .00005811  00000+0  29779-3 0  9996
2 53754  53.2352 231.8493 0394105 218.4108 138.8201 14.69687822202147
CENTISPACE-1 S3         
1 53757U 22108A   26165.81365126  .00000432  00000+0  12492-3 0  9991
2 53757  53.5334  65.0737 0009208 348.6338  11.4428 14.61250064201185
CENTISPACE-1 S4         
1 53758U 22108B   26165.86741317  .00000591  00000+0  15488-3 0  9991
2 53758  53.5310  62.3802 0008424 336.6371  23.4220 14.61930500201224
BLUEWALKER-3            
1 53807U 22111AL  26165.84076606  .00005225  00000+0  14681-3 0  9993
2 53807  53.2301  44.9876 0006510 153.7492 206.3845 15.38246580209843
YUNHAI-1 03             
1 53877U 22115A   26165.88281880  .00000262  00000+0  11222-3 0  9994
2 53877  98.5531 164.0592 0005857  61.2597 298.9175 14.32716509195188
CENTISPACE-1 S5         
1 54020U 22126A   26165.82900578  .00000502  00000+0  13379-3 0  9995
2 54020  54.9979 222.3973 0014536  68.0840 292.1698 14.63011439196699
CENTISPACE-1 S6         
1 54021U 22126B   26165.82101160  .00000324  00000+0  10092-3 0  9997
2 54021  54.9982 224.2834 0016380  68.0728 292.2005 14.62288895196655
OTB-3-GAZELLE           
1 54023U 22127A   26165.70168252  .00000124  00000+0  50334-4 0  9994
2 54023  98.3943 157.4438 0012804 190.8012 169.2904 14.42673663194007
ASO-S                   
1 54029U 22129A   26165.84202993  .00000177  00000+0  54678-4 0  9991
2 54029  98.2747 170.9561 0015752  99.2470 261.0508 14.52060741195084
HJ-2E                   
1 54035U 22132A   26165.85287769  .00007183  00000+0  31315-3 0  9993
2 54035  97.3790 170.2711 0020844  23.2061 337.0112 15.22284671204062
COSMOS 2561             
1 54109U 22137A   26165.84044865  .00012727  00000+0  21516-3 0  9999
2 54109  96.9181 224.9291 0010944  44.0866 316.1258 15.51650136205983
GONETS-M 23             
1 54150U 22139A   26165.84785948  .00000037  00000+0  19971-3 0  9994
2 54150  82.5073 349.7485 0020809 225.0046 134.9348 12.42890770165352
GONETS-M 24             
1 54151U 22139B   26165.90145111  .00000033  00000+0  16849-3 0  9991
2 54151  82.4989 348.7766 0015936 235.3122 124.6457 12.42891404165366
GONETS-M 25             
1 54152U 22139C   26165.88783395  .00000025  00000+0  10886-3 0  9997
2 54152  82.5048 349.4701 0019854 234.0799 125.8438 12.42889968165364
SKIF-D                  
1 54153U 22139D   26165.25886953  .00000004  00000+0  00000+0 0  9993
2 54153  89.9512  96.6685 0007384 200.4465 159.5680  5.00428248 63968
MATS                    
1 54227U 22147A   26165.72244047  .00002710  00000+0  19341-3 0  9996
2 54227  97.6820 167.3300 0011739 199.2686 160.8098 15.05343362197399
JILIN-1 GAOFEN 03D54    
1 54254U 22155D   26165.83277267  .00344847  50339-4  79856-3 0  9999
2 54254  97.6110 318.6308 0005261 264.2089  95.8587 15.97138502199923
EOS-6 (OCEANSAT-3)      
1 54361U 22158A   26165.88080082  .00000241  00000+0  78212-4 0  9991
2 54361  98.3539 264.1055 0001335  50.6806 309.4505 14.46999220187501
DONGPO 09               
1 54685U 22167D   26165.86981772  .00010979  00000+0  31260-3 0  9994
2 54685  97.6889 336.7732 0003499 121.2137 238.9450 15.36290243195090
DONGPO 08               
1 54686U 22167E   26165.78098764  .00009656  00000+0  29944-3 0  9992
2 54686  97.6853 333.8698 0008484 168.3185 191.8255 15.33603417194957
2022-167F               
1 54687U 22167F   26165.82155878  .00216900  19662-4  66964-3 0  9992
2 54687  97.6109 353.4476 0001335 228.1030 132.0129 15.91747408196453
DONGPO 10               
1 54689U 22167H   26165.85411284  .00010049  00000+0  30383-3 0  9996
2 54689  97.6933 335.8918 0006246 116.6427 243.5455 15.34412607195009
JILIN-1 GAOFEN 03D48    
1 54695U 22167P   26165.85298450  .00010579  00000+0  31197-3 0  9993
2 54695  97.6868 335.2678 0007565 121.6632 238.5349 15.35177617195038
STAR VIBE               
1 55009U 23001A   26165.83508032  .00013502  00000+0  31248-3 0  9995
2 55009  97.3176 230.2892 0007130 119.2239 240.9722 15.42560019191862
BRO-8                   
1 55011U 23001C   26165.85171763  .00030908  00000+0  57235-3 0  9990
2 55011  97.3220 231.0016 0006805 130.0622 230.1227 15.48933001191847
CONNECTA T1.2           
1 55012U 23001D   26165.65411865  .00036036  00000+0  62998-3 0  9999
2 55012  97.3278 236.2995 0006666 110.0416 250.1554 15.50545325192159
BIRKELAND               
1 55015U 23001G   26165.80739733  .00008740  00000+0  22060-3 0  9993
2 55015  97.3352 233.7707 0008350 111.8725 248.3410 15.40042160191980
ION SCV-008             
1 55051U 23001AU  26165.81581828  .00006003  00000+0  21821-3 0  9998
2 55051  97.5717 262.0937 0015248  26.6945 333.5076 15.28551833190979
ION SCV-007             
1 55060U 23001BD  26165.76001233  .00000368  00000+0  58662-4 0  9991
2 55060  97.9007 228.8231 0012003 350.4356   9.6624 14.77551409185899
HUYGENS                 
1 55093U 23001CN  26165.80748400  .00008771  00000+0  22118-3 0  9998
2 55093  97.3257 233.0038 0011165  93.5394 266.7129 15.40041545192007
SHARJAHSAT-1            
1 55104U 23001CZ  26165.85185312  .00019628  00000+0  36392-3 0  9995
2 55104  97.3178 234.5853 0007139 109.9996 250.2024 15.48983917192131
HORUS 1                 
1 55690U 23025A   26165.85387596  .00005215  00000+0  22091-3 0  9997
2 55690  97.3469 240.4986 0002376 120.7716 239.3755 15.23582707183691
HORUS 2                 
1 55844U 23032A   26165.82389258  .00005645  00000+0  24011-3 0  9991
2 55844  97.3541 241.2717 0002248 107.7767 252.3715 15.23404903181121
GLOBAL-19               
1 55982U 23041B   26165.82575904  .00011033  00000+0  29501-3 0  9996
2 55982  42.0000 215.6569 0009212 346.7815  13.2782 15.37979148181567
BRO-9                   
1 56185U 23054H   26164.33093152  .00709651  23706-3  12966-2 0  9999
2 56185  97.2935  82.5232 0007327 156.5916 203.5698 16.01367589178472
ION SCV-010             
1 56192U 23054Q   26165.66849274  .00004353  00000+0  17094-3 0  9991
2 56192  97.3787  55.2023 0011911 206.4799 153.5833 15.26178443175814
TELEOS-2                
1 56310U 23057C   26165.75668280  .00000688  00000+0  33675-7 0  9996
2 56310   9.9878 221.8949 0000658 347.7625  12.2573 14.96393393172433
SNIPE 4                 
1 56744U 23072B   26165.81340355  .00019275  00000+0  44954-3 0  9991
2 56744  97.5245  11.7437 0004572 348.5265  11.5877 15.42269667169748
SNIPE 2                 
1 56745U 23072C   26165.86311855  .00025550  00000+0  51119-3 0  9994
2 56745  97.5241  14.8227 0004400  22.4034 337.7407 15.46751674169883
2023-072G               
1 56749U 23072G   26165.86914579  .00028973  00000+0  50917-3 0  9997
2 56749  97.4901  13.6296 0003067  16.8642 343.2711 15.50460900170103
GEISAT PRECURSOR        
1 56934U 23084C   26165.87153843  .00006590  00000+0  19890-3 0  9992
2 56934  97.6219 306.7480 0005165   6.9736 353.1577 15.34623746167173
BLACKJACK ACES-3        
1 56950U 23084U   26165.86370613  .00005190  00000+0  25536-3 0  9994
2 56950  97.6209 301.0365 0002752  42.7281 317.4166 15.18450552166814
BLACKJACK ACES-2        
1 56955U 23084Z   26165.86990983  .00006193  00000+0  30341-3 0  9991
2 56955  97.6205 301.1274 0001106  71.5980 288.5374 15.18519401166822
BLACKJACK ACES-1        
1 56956U 23084AA  26165.85792218  .00006840  00000+0  33416-3 0  9997
2 56956  97.6196 300.8893 0001219 101.5024 258.6347 15.18579682116542
ION SCV-011             
1 56957U 23084AB  26165.84097631  .00004587  00000+0  16677-3 0  9990
2 56957  98.1371 352.9029 0008143  52.8409 307.3572 15.28826040165451
GHOST-3                 
1 56958U 23084AC  26165.38362486  .00016758  00000+0  32435-3 0  9996
2 56958  97.6207 313.8051 0005567 305.8306  54.2426 15.47799344167588
TOMORROW-R2             
1 56962U 23084AG  26165.49194714  .00451668  98318-4  62750-3 0  9990
2 56962  97.6047 329.3341 0008261 243.6738 116.3694 16.05927873168629
AFR-1                   
1 56964U 23084AJ  26165.87564472  .00004192  00000+0  15363-3 0  9996
2 56964  97.6271 302.5106 0010150 355.4478   4.6667 15.28538508166876
METEOR-M2 3             
1 57166U 23091A   26165.85007789  .00000007  00000+0  21697-4 0  9999
2 57166  98.6090 220.8762 0004227 161.3087 198.8248 14.24046599154180
UMKA 1 (RS40S)          
1 57172U 23091G   26165.79103736  .00006087  00000+0  27859-3 0  9997
2 57172  97.5054 224.4972 0014164 125.1257 235.1308 15.20793943163648
2023-091H               
1 57173U 23091H   26165.82638081  .00010258  00000+0  37078-3 0  9997
2 57173  97.5054 228.9990 0011257 120.1488 240.0869 15.28592341163946
2023-091J               
1 57174U 23091J   26165.80894791  .00003554  00000+0  19944-3 0  9991
2 57174  97.5058 218.9392 0014147 150.4581 209.7452 15.13913301163270
CUBEBEL 2 (EU11S)       
1 57175U 23091K   26165.82804115  .00011810  00000+0  41977-3 0  9990
2 57175  97.5057 229.0235 0011269 121.7238 238.5101 15.29101989163944
SITRO-AIS 5 (KATYS)     
1 57176U 23091L   26165.84551087  .00011700  00000+0  41177-3 0  9990
2 57176  97.5066 229.7224 0012792 110.7184 249.5429 15.29411084163989
ZORKIY-2M 1             
1 57177U 23091M   26165.84335476  .00007130  00000+0  32491-3 0  9994
2 57177  97.5095 224.8157 0014726 122.5050 237.7611 15.20876984163645
CUBESX-HSE 3 (RS42S)    
1 57178U 23091N   26165.82121593  .00012322  00000+0  41085-3 0  9994
2 57178  97.5098 231.3783 0012080 101.9731 258.2864 15.31163398164060
MONITOR-3 (RS58S)       
1 57180U 23091Q   26165.84049374  .00009859  00000+0  36489-3 0  9998
2 57180  97.5090 229.2690 0013135 107.9985 252.2687 15.27801807163938
MONITOR-4 (RS57S)       
1 57182U 23091S   26165.81968088  .00009564  00000+0  35317-3 0  9991
2 57182  97.5083 229.2192 0013109 108.3747 251.8919 15.27886529163938
MONITOR-2 (RS39S)       
1 57184U 23091U   26165.80928726  .00004442  00000+0  21583-3 0  9997
2 57184  97.5076 224.1074 0012659 118.2703 241.9810 15.18891187163594
SVYATOBOR 1 (RS60S)     
1 57187U 23091X   26165.83074584  .00008342  00000+0  32109-3 0  9996
2 57187  97.5095 229.6345 0010906 101.4406 258.8057 15.26580849163955
HORS 1                  
1 57188U 23091Y   26165.81644919  .00009080  00000+0  34816-3 0  9997
2 57188  97.5073 229.3828 0010370 101.2751 258.9653 15.26686176163954
VIZARD-METEO (RS38S)    
1 57189U 23091Z   26165.86749095  .00016199  00000+0  46411-3 0  9997
2 57189  97.5098 235.3058 0008401  84.6116 275.6085 15.35962719164333
SITRO-AIS 6 (CHIRKIN)   
1 57192U 23091AC  26165.81906209  .00009102  00000+0  35704-3 0  9997
2 57192  97.5073 228.8274 0013109 113.7297 246.5318 15.25896071163928
SITRO-AIS 8 (ANOKHIN)   
1 57193U 23091AD  26165.86662313  .00013918  00000+0  45065-3 0  9999
2 57193  97.5063 231.3228 0011811 107.0421 253.2116 15.32081486164093
SITRO-AIS 7 (FARTUSHNIY)
1 57194U 23091AE  26165.82172774  .00009009  00000+0  35674-3 0  9994
2 57194  97.5070 228.6562 0012958 114.6397 245.6192 15.25585097163919
AVION KALUGA 650        
1 57195U 23091AF  26165.85860725  .00005528  00000+0  25695-3 0  9992
2 57195  97.5093 225.4442 0011842 116.3270 243.9182 15.20330619163673
HORS 2                  
1 57196U 23091AG  26165.81262638  .00012506  00000+0  40862-3 0  9995
2 57196  97.5096 232.8095 0009427  94.9200 265.3118 15.31840910164167
A-SEANSAT-PG1           
1 57197U 23091AH  26165.86264920  .00017695  00000+0  49183-3 0  9996
2 57197  97.5087 235.3941 0008383  91.8859 268.3345 15.36891919164358
SITRO-AIS 10 (BURDAEV)  
1 57199U 23091AK  26165.84287726  .00018762  00000+0  49443-3 0  9990
2 57199  97.5088 236.3287 0007649  87.1315 273.0805 15.38535588164403
SITRO-AIS 9 (SHCHUKIN)  
1 57201U 23091AM  26165.73841198  .00018095  00000+0  48464-3 0  9992
2 57201  97.5087 235.9537 0007899  87.5534 272.6615 15.38042216164374
UTMN 2 (RS27S)          
1 57203U 23091AP  26165.84009606  .00012017  00000+0  39079-3 0  9996
2 57203  97.5094 233.0283 0009384  90.8020 269.4296 15.32002880164184
SITRO-AIS 12 (SMIRENNIY)
1 57204U 23091AQ  26165.85959354  .00018757  00000+0  49751-3 0  9997
2 57204  97.5099 236.5434 0007450  82.2833 277.9258 15.38338684164413
SITRO-AIS 11 (SHEFFER)  
1 57208U 23091AU  26165.80862039  .00019092  00000+0  49943-3 0  9995
2 57208  97.5097 236.7363 0007354  82.6754 277.5327 15.38761696164424
H2SAT (HEINRICH HERTZ)  
1 57213U 23093A   26165.68239000  .00000009  00000+0  00000+0 0  9990
2 57213   0.0576 110.9536 0000860  82.8758 315.5159  1.00272092 10895
KUZGTU 1 (RS47S)        
1 57217U 23091AV  26165.81022238  .00011504  00000+0  40000-3 0  9990
2 57217  97.5070 230.2658 0012348 105.3135 254.9470 15.29815267164013
QIANKUN-1               
1 57422U 23103B   26165.68125833  .00020608  18485-5  23067-4 0  9994
2 57422  96.1498 210.7043 0029538 144.4665 215.8596 16.08793316166893
FENGYUN 3F              
1 57490U 23111A   26165.86025959  .00000057  00000+0  47130-4 0  9997
2 57490  98.6835 235.9122 0001587  94.8087 265.3271 14.19938752148533
METEOR 2-1 DEB          
1 57492U 75064F   26165.77584288  .00003588  00000+0  14005-2 0  9993
2 57492  81.2788   1.6625 0009643  76.6019 283.6236 14.29459636402649
HJ-2F                   
1 57519U 23116A   26165.88611608  .00007597  00000+0  33240-3 0  9990
2 57519  97.3835 171.1447 0010053  58.9371 301.2851 15.22292855158400
XRISM                   
1 57800U 23137A   26165.88082027  .00004687  00000+0  25737-3 0  9992
2 57800  31.0031  14.5411 0007969 300.9216  59.0639 15.12448059152513
METEOR-M2 4             
1 59051U 24039A   26165.86214566 -.00000009  00000+0  15722-4 0  9996
2 59051  98.7009 125.1894 0007156 167.5092 192.6264 14.22429329118934
GRBBETA                 
1 60237U 24128C   26165.49893132  .00003250  00000+0  22870-3 0  9995
2 60237  61.9892 225.6981 0040977 134.1230 226.3246 15.06624478105867
TRANSPORTER-11 OBJECT A 
1 60468U 24149A   26165.47707554  .00008511  00000+0  27053-3 0  9997
2 60468  97.3738 245.4149 0002537 204.1804 155.9320 15.32868546101643
WARATAH SEED-1          
1 60469U 24149B   26165.83084977  .00012763  00000+0  36746-3 0  9998
2 60469  97.3696 246.4028 0001318 184.8470 175.2762 15.35895394101754
PHISAT 2                
1 60470U 24149C   26165.75980355  .00008070  00000+0  27176-3 0  9999
2 60470  97.3761 244.9890 0000747 177.5335 182.5910 15.31025629101627
LEMUR-2-TOMATOKECHUP    
1 60471U 24149D   26165.76208083  .00011131  00000+0  31985-3 0  9997
2 60471  97.3808 247.8023 0001199 180.2523 179.8720 15.35989840101796
CONNECTA IOT-1          
1 60472U 24149E   26165.46867684  .00003939  00000+0  16791-3 0  9998
2 60472  97.3763 241.8056 0000464 329.6374  30.4836 15.23522023101382
LOPEN                   
1 60473U 24149F   26165.20571751  .00014871  00000+0  37937-3 0  9990
2 60473  97.3788 248.5501 0000569 188.5386 171.5850 15.39611412101808
ROCK                    
1 60474U 24149G   26165.19228082  .00015716  00000+0  40079-3 0  9995
2 60474  97.3782 248.5523 0000821 201.1000 159.0212 15.39607761101808
CONNECTA IOT-3          
1 60475U 24149H   26165.49007441  .00004249  00000+0  18081-3 0  9990
2 60475  97.3739 241.5806 0001286 274.3326  85.7764 15.23534637101392
QUBE                    
1 60476U 24149J   26165.78038883  .00021864  00000+0  43284-3 0  9992
2 60476  97.3783 252.1670 0001612 204.2521 155.8653 15.47096908102095
WREN-1                  
1 60478U 24149L   26165.79744293  .00019147  00000+0  45854-3 0  9990
2 60478  97.3769 249.8845 0003112 259.3631 100.7266 15.41475594101957
TOMORROW-S1             
1 60479U 24149M   26165.78607325  .00007529  00000+0  24097-3 0  9991
2 60479  97.3755 246.2654 0001296 225.7592 134.3544 15.32691298101724
FLOCK 4BE-18            
1 60480U 24149N   26165.48483961  .00016109  00000+0  38240-3 0  9997
2 60480  97.3732 249.1856 0002666 248.2587 111.8376 15.41779579101893
FLOCK 4BE-7             
1 60481U 24149P   26165.48961710  .00019088  00000+0  47652-3 0  9997
2 60481  97.3767 248.5349 0001874 248.3407 111.7639 15.40217012101837
FLOCK 4BE-26            
1 60484U 24149S   26165.49124265  .00134407  00000+0  12141-2 0  9994
2 60484  97.3657 251.3807 0005129 211.6064 148.4889 15.67685391102044
TOMORROW-S2             
1 60485U 24149T   26165.49020566  .00007806  00000+0  24955-3 0  9993
2 60485  97.3825 246.4569 0001259 283.0327  77.0774 15.32715881101675
FLOCK 4BE-36            
1 60486U 24149U   26165.19837068  .00016804  00000+0  38749-3 0  9998
2 60486  97.3751 249.5905 0002233 269.3525  90.7466 15.42644217101891
FLOCK 4BE-25            
1 60487U 24149V   26165.48669769  .00013386  00000+0  35115-3 0  9998
2 60487  97.3806 248.6182 0001076 233.4840 126.6307 15.38776972101821
FLOCK 4BE-31            
1 60488U 24149W   26165.23195088  .00020109  00000+0  44270-3 0  9993
2 60488  97.3804 250.4741 0001223 262.5348  97.5761 15.43991932101924
FLOCK 4BE-20            
1 60489U 24149X   26165.77409431  .00012283  00000+0  33061-3 0  9993
2 60489  97.3703 247.7927 0002374 262.4887  97.6088 15.38001203101844
FLOCK 4BE-23            
1 60490U 24149Y   26165.82881012  .00012274  00000+0  33447-3 0  9998
2 60490  97.3789 248.2231 0001953 272.7442  87.3579 15.37619699101830
FLOCK 4BE-15            
1 60491U 24149Z   26165.77701153  .00084118  00000+0  10593-2 0  9992
2 60491  97.3692 251.0675 0002743 244.9881 115.1091 15.59352879102056
FLOCK 4BE-17            
1 60492U 24149AA  26165.81620919  .00013603  00000+0  34596-3 0  9999
2 60492  97.3780 249.1664 0001891 248.2564 111.8481 15.39723978101896
NUSAT-50 (NANCY ROMAN)  
1 60493U 24149AB  26165.81371500  .00008600  00000+0  30030-3 0  9999
2 60493  97.3795 247.0857 0003239 181.1587 178.9647 15.29820727101765
FLOCK 4BE-22            
1 60494U 24149AC  26165.86481293  .00014824  00000+0  36006-3 0  9990
2 60494  97.3742 249.4035 0002260 267.0527  93.0461 15.41104723101949
FLOCK 4BE-34            
1 60495U 24149AD  26165.49236902  .00014997  00000+0  36442-3 0  9990
2 60495  97.3788 249.8483 0002062 284.0108  76.0909 15.41089514101910
TYCHE                   
1 60496U 24149AE  26165.84052019  .00004225  00000+0  16729-3 0  9994
2 60496  97.3759 243.6877 0000548 275.4855  84.6321 15.25971503101540
FLOCK 4BE-32            
1 60497U 24149AF  26165.78714692  .00015704  00000+0  36906-3 0  9993
2 60497  97.3730 249.6879 0002283 271.4103  88.6882 15.42087884101969
NUSAT-48 (HENRIETTA LE*)
1 60498U 24149AG  26165.47529893  .00000471  00000+0  18893-4 0  9998
2 60498  97.3919 246.9886 0002284 293.9843  66.1158 15.29818423101725
FLOCK 4BE-30            
1 60499U 24149AH  26165.49203800  .00129724  00000+0  18435-2 0  9991
2 60499  97.3782 250.9212 0003917 236.6091 123.4789 15.55937258101358
NUSAT-49 (KLARA DAN VO*)
1 60500U 24149AJ  26165.78054810  .00008343  00000+0  29065-3 0  9996
2 60500  97.3789 247.0846 0001173 354.7018   5.4210 15.29910944101768
FLOCK 4BE-11            
1 60501U 24149AK  26165.78301811  .00015418  00000+0  35258-3 0  9995
2 60501  97.3709 249.9118 0002462 271.2762  88.8204 15.42912372101989
YAM-7                   
1 60504U 24149AN  26165.77093664  .00007057  00000+0  23243-3 0  9992
2 60504  97.3790 246.0300 0002068 322.4368  37.6729 15.31790469101686
FLOCK 4BE-24            
1 60505U 24149AP  26165.76973422  .00017562  00000+0  40016-3 0  9990
2 60505  97.3725 250.1532 0002664 286.4792  73.6162 15.42992259101998
LUR-1                   
1 60506U 24149AQ  26165.75856110  .00006620  00000+0  22999-3 0  9997
2 60506  97.3743 244.6040 0002972 332.2117  27.8965 15.30078656101607
TANAGER-1               
1 60507U 24149AR  26165.24482070  .00004346  00000+0  94298-4 0  9997
2 60507  97.2631 259.5004 0003155 314.5808  45.5183 15.44927530102588
EAGLEEYE                
1 60508U 24149AS  26165.49444028  .00101338  00000+0  82041-3 0  9997
2 60508  97.3734 258.6838 0004043 244.8735 115.2108 15.70473224102510
FLOCK 4BE-29            
1 60509U 24149AT  26165.78223308  .00016241  00000+0  35706-3 0  9990
2 60509  97.3821 251.6184 0001419 310.0702  50.0421 15.44078769102047
TRANSPORTER-11 OBJECT AU
1 60510U 24149AU  26165.78402640  .00013580  00000+0  34043-3 0  9996
2 60510  97.3736 249.4848 0002282 304.0258  56.0771 15.40164676101945
FLOCK 4BE-2             
1 60511U 24149AV  26165.22330138  .00053808  00000+0  87793-3 0  9995
2 60511  97.3845 252.4331 0003126 265.7294  94.3601 15.52420313102044
FLOCK 4BE-13            
1 60512U 24149AW  26165.49507141  .00014080  00000+0  33405-3 0  9995
2 60512  97.3726 249.8781 0002792 274.4895  85.6033 15.41827216101956
FLOCK 4BE-27            
1 60513U 24149AX  26165.78158352  .00008604  00000+0  26053-3 0  9990
2 60513  97.3833 247.6312 0002626 329.3544  30.7545 15.34410724101772
FLOCK 4BE-9             
1 60514U 24149AY  26165.49229711  .00015733  00000+0  38679-3 0  9995
2 60514  97.3800 249.7374 0001459 316.0366  44.0764 15.40726098101903
FLOCK 4BE-6             
1 60516U 24149BA  26165.77893081  .00012958  00000+0  33191-3 0  9995
2 60516  97.3798 249.3897 0002075 309.4061  50.7001 15.39518057101900
FLOCK 4BE-14            
1 60517U 24149BB  26165.82981170  .00014830  00000+0  36228-3 0  9994
2 60517  97.3705 249.5753 0003044 304.7408  55.3551 15.40927933101968
FLOCK 4BE-1             
1 60518U 24149BC  26165.78331900  .00015835  00000+0  36669-3 0  9995
2 60518  97.3787 250.7968 0002833 301.7549  58.3422 15.42529872102007
FLOCK 4BE-28            
1 60519U 24149BD  26165.80112464  .00016117  00000+0  34534-3 0  9994
2 60519  97.3756 251.5318 0002884 296.4697  63.6255 15.44839487102070
IPERDRONE.0             
1 60520U 24149BE  26165.81520127  .00070241  00000+0  67533-3 0  9999
2 60520  97.3787 258.9101 0003446 233.2733 126.8211 15.66353267102549
TRANSPORTER-11 OBJECT BF
1 60521U 24149BF  26165.79207346  .00227258  00000+0  10094-2 0  9993
2 60521  97.3764 261.5464 0005834 237.0062 123.0648 15.83738651102701
CONNECTA IOT-2          
1 60522U 24149BG  26165.48800118  .00004465  00000+0  18745-3 0  9991
2 60522  97.3844 243.6742 0005782 348.4665  11.6439 15.23955044101484
PTD-R (TYVAK-0127)      
1 60523U 24149BH  26165.55892022  .04032720  24828-5  74886-3 0  9992
2 60523  97.3669 266.4647 0012779 267.4101  92.5731 16.32013856103028
CONNECTA IOT-4          
1 60524U 24149BJ  26165.48196961  .00018623  00000+0  43754-3 0  9996
2 60524  97.3805 249.8196 0004002 298.4648  61.6196 15.42054881101916
ORESAT0.5               
1 60525U 24149BK  26165.78664970  .00018550  00000+0  39481-3 0  9991
2 60525  97.3730 251.7493 0004050 283.7668  76.3130 15.45001816102104
DEIMOS                  
1 60526U 24149BL  26165.81753588  .00018176  00000+0  39815-3 0  9995
2 60526  97.3789 251.9226 0004060 293.5609  66.5213 15.44153619102088
CUAVA-2                 
1 60527U 24149BM  26165.47744850  .00011768  00000+0  33710-3 0  9998
2 60527  97.3734 246.9919 0005289 307.6815  52.3949 15.36063366101754
ERNST                   
1 60528U 24149BN  26165.82936903  .00013592  00000+0  35203-3 0  9996
2 60528  97.3818 249.5308 0004534 310.1261  49.9586 15.39158515101916
TORO                    
1 60530U 24149BQ  26165.76567140  .00002077  00000+0  18823-3 0  9990
2 60530  97.6791 240.4787 0001665  83.7730 276.3681 14.96418594 99599
HYPSO-2                 
1 60531U 24149BR  26165.66373885  .00002163  00000+0  18442-3 0  9994
2 60531  97.6818 241.9619 0000701  29.4618 330.6644 14.98779548 99675
LEMU NGE                
1 60532U 24149BS  26165.77556870  .00001797  00000+0  16971-3 0  9991
2 60532  97.6849 240.7838 0002316  67.3190 292.8275 14.94948891 99595
LEMUR-2-STELLA          
1 60533U 24149BT  26165.76517536  .00010870  00000+0  64057-3 0  9997
2 60533  97.6746 248.2092 0001683  94.2493 265.8929 15.11766673100133
SATELIOT_2              
1 60534U 24149BU  26165.48524223  .00002182  00000+0  19785-3 0  9993
2 60534  97.6830 240.4903 0002032  98.9463 261.1989 14.96351710 99563
NIGHTJAR                
1 60535U 24149BV  26165.45532911  .00002175  00000+0  18433-3 0  9995
2 60535  97.6853 242.2006 0001582  77.5044 282.6356 14.99007640142467
LEMUR-2-MARHISYAM       
1 60536U 24149BW  26165.81082363  .00010091  00000+0  60398-3 0  9990
2 60536  97.6889 248.7017 0003413 121.1157 239.0407 15.11222126100129
SATELIOT_4              
1 60537U 24149BX  26165.76405565  .00002062  00000+0  18573-3 0  9995
2 60537  97.6742 240.2935 0003409  66.9052 293.2529 14.96663199 99618
PICO-02A021             
1 60538U 24149BY  26165.17102603  .00005564  00000+0  41544-3 0  9992
2 60538  97.6750 244.0276 0004996  35.2538 324.9016 15.03222643 99288
ICEYE-X43               
1 60539U 24149BZ  26165.75999774  .00003817  00000+0  31469-3 0  9994
2 60539  97.6783 242.7578 0008172  92.0261 268.1899 14.99601086 99755
HAWK-10A                
1 60540U 24149CA  26165.49508358  .00002234  00000+0  20159-3 0  9997
2 60540  97.6897 241.4527 0005103  86.0029 274.1776 14.96508630 99589
UMBRA-09                
1 60541U 24149CB  26165.82625556  .00016844  00000+0  83101-3 0  9993
2 60541  97.6976 252.9902 0000333 238.2224 121.8977 15.17983697100364
QPS-SAR-8 (AMATERU-IV)  
1 60542U 24149CC  26165.79874628  .00004389  00000+0  32099-3 0  9997
2 60542  97.6671 244.9690 0004962 112.7205 247.4546 15.04116343 99916
ARCTIC WEATHER SATELLITE
1 60543U 24149CD  26165.46709831  .00000787  00000+0  87605-4 0  9997
2 60543  97.6801 236.0104 0003606 109.1022 251.0586 14.89802631 98890
CAPELLA-15 (ACADIA-5)   
1 60544U 24149CE  26165.77471882  .00003173  00000+0  31528-3 0  9998
2 60544  97.6778 238.7382 0004892  84.7481 275.4296 14.92390508 99490
HAWK-10B                
1 60545U 24149CF  26165.76238513  .00001959  00000+0  17738-3 0  9997
2 60545  97.6816 241.0729 0007041  99.4946 260.7071 14.96509031 99624
ICEYE-X39               
1 60546U 24149CG  26165.47514955  .00003197  00000+0  26263-3 0  9992
2 60546  97.6767 242.5354 0004984 125.7268 234.4420 14.99881546 99716
UMBRA-10                
1 60547U 24149CH  26165.75989228  .00014391  00000+0  71080-3 0  9998
2 60547  97.6986 252.9511 0000741  72.1851 287.9463 15.17980711100369
ICEYE-X33               
1 60548U 24149CJ  26165.16903681  .00004659  00000+0  37024-3 0  9999
2 60548  97.7275 244.3258 0001611 100.4108 259.7297 15.00936114 99754
ICEYE-X40               
1 60549U 24149CK  26165.76418437  .00002353  00000+0  20448-3 0  9997
2 60549  97.6815 242.2985 0006626  89.0731 271.1250 14.97931644 99714
SATELIOT_1              
1 60550U 24149CL  26165.22121241  .00002557  00000+0  22107-3 0  9994
2 60550  97.6747 241.1678 0008371  89.2729 270.9452 14.98054855 99627
BRO-14                  
1 60551U 24149CM  26165.65392819  .00000611  00000+0  59298-4 0  9994
2 60551  97.6875 241.4773 0008078 103.0614 257.1509 14.96172753 99616
SATELIOT_3              
1 60552U 24149CN  26165.46412668  .00001730  00000+0  15126-3 0  9993
2 60552  97.6820 242.1968 0005931  92.5426 267.6476 14.98044230 99674
BRO-15                  
1 60553U 24149CP  26165.16820035  .00001241  00000+0  11519-3 0  9991
2 60553  97.6808 240.6040 0009589  96.9395 263.2917 14.96150646 99557
UM5-RIBAT               
1 60554U 24149CQ  26165.47241646  .00002934  00000+0  23411-3 0  9995
2 60554  97.6642 243.3093 0003656  66.0041 294.1565 15.01062506 99788
UM5-EOSAT               
1 60555U 24149CR  26165.17305672  .00004114  00000+0  32244-3 0  9999
2 60555  97.6703 243.9442 0008712 123.6371 236.5686 15.01507437 99764
LASARSAT                
1 62391U 24247Q   26164.61689910  .00032689  00000+0  65515-3 0  9991
2 62391  44.9751 282.2745 0008375 311.5212  48.4959 15.46168743 82768
CROCUBE                 
1 62394U 24247T   26165.58698051  .00034757  00000+0  65094-3 0  9997
2 62394  44.9722 274.1999 0008187 320.7516  39.2780 15.48102542 82947
TEVEL2-4                
1 63213U 25052D   26165.63912802  .00017506  00000+0  52486-3 0  9996
2 63213  97.3916  62.0269 0004834 108.6515 251.5253 15.34534475 69720
TEVEL2-5                
1 63214U 25052E   26165.65934322  .00017465  00000+0  52650-3 0  9997
2 63214  97.3912  61.9959 0004735 109.6551 250.5203 15.34362309 69721
TEVEL2-6                
1 63215U 25052F   26165.67161609  .00017719  00000+0  53470-3 0  9993
2 63215  97.3918  61.9926 0004650 109.6687 250.5058 15.34327721 69725
TEVEL2-1                
1 63217U 25052H   26165.63453016  .00016517  00000+0  50712-3 0  9998
2 63217  97.3887  61.5830 0004669 118.6962 241.4750 15.33795129 69704
TEVEL2-3                
1 63218U 25052J   26165.62926486  .00016309  00000+0  49991-3 0  9990
2 63218  97.3893  61.5992 0004635 118.6310 241.5399 15.33849370 69709
TEVEL2-2                
1 63219U 25052K   26165.63485824  .00016333  00000+0  50139-3 0  9991
2 63219  97.3888  61.5857 0004659 119.6301 240.5407 15.33802849 69700
TEVEL2-9                
1 63237U 25052AD  26165.67431105  .00015140  00000+0  49429-3 0  9993
2 63237  97.3950  61.0056 0007595 137.7538 222.4290 15.31831968 69645
TEVEL2-7                
1 63238U 25052AE  26165.64940148  .00014819  00000+0  48830-3 0  9990
2 63238  97.3954  60.8982 0007668 138.2760 221.9068 15.31536758 69634
TEVEL2-8                
1 63239U 25052AF  26165.65762729  .00015046  00000+0  49598-3 0  9994
2 63239  97.3952  60.8832 0007683 139.0563 221.1257 15.31520897 69633
FORESAIL-1 PRIME        
1 66778U 25276DS  26165.75636750  .00004799  00000+0  23468-3 0  9999
2 66778  97.4203 239.0712 0003926 108.9082 251.2578 15.18682170 30038
